year;region_code;region_name;territory_id;sex;n;n_valid_desired_expected;desired_mean;expected_mean;gap_mean;born_mean;positive_gap_share_pct;positive_gap_mean;housing_need_share_pct;bad_housing_share_pct;housing_barrier_share_pct;fact_tfr_total;tfr_gap_desired_minus_fact;tfr_gap_expected_minus_fact;data_quality_note
2012;07;Ставропольский край;terr_stavropolskiy_kray;Все;375;347;2.338888888888889;2.07909604519774;0.25360230547550433;1.1866666666666668;21.613832853025936;1.1733333333333333;74.13333333333333;;58.97435897435898;1.514;0.824888888888889;0.56509604519774;unweighted_microdata
2012;07;Ставропольский край;terr_stavropolskiy_kray;Женщины;186;167;2.3806818181818183;2.111111111111111;0.2634730538922156;1.2258064516129032;21.55688622754491;1.2222222222222223;68.27956989247312;;49.13294797687861;1.514;0.8666818181818183;0.5971111111111111;unweighted_microdata
2012;07;Ставропольский край;terr_stavropolskiy_kray;Мужчины;189;180;2.2989130434782608;2.0491803278688523;0.24444444444444444;1.1481481481481481;21.666666666666668;1.1282051282051282;79.8941798941799;;68.53932584269663;1.514;0.7849130434782607;0.5351803278688523;unweighted_microdata
2012;08;Хабаровский край;terr_habarovskiy_kray;Все;273;239;2.0617760617760617;1.7581967213114753;0.2928870292887029;0.8717948717948718;25.94142259414226;1.1451612903225807;63.003663003663;;57.786885245901644;1.69;0.3717760617760617;0.06819672131147536;unweighted_microdata
2012;08;Хабаровский край;terr_habarovskiy_kray;Женщины;131;113;2.0327868852459017;1.7413793103448276;0.3008849557522124;0.8931297709923665;27.43362831858407;1.1290322580645162;58.778625954198475;;57.6271186440678;1.69;0.34278688524590173;0.05137931034482768;unweighted_microdata
2012;08;Хабаровский край;terr_habarovskiy_kray;Мужчины;142;126;2.0875912408759123;1.7734375;0.2857142857142857;0.852112676056338;24.6031746031746;1.1612903225806452;66.90140845070422;;57.936507936507944;1.69;0.39759124087591236;0.08343750000000005;unweighted_microdata
2012;10;Амурская область;terr_amurskaya_oblast;Все;240;213;2.3045454545454547;1.9732142857142858;0.3145539906103286;1.3458333333333334;26.291079812206576;1.1964285714285714;70.0;;58.52272727272727;1.826;0.4785454545454546;0.14721428571428574;unweighted_microdata
2012;10;Амурская область;terr_amurskaya_oblast;Женщины;76;68;2.342857142857143;1.9565217391304348;0.36764705882352944;1.355263157894737;29.411764705882355;1.25;64.47368421052632;;55.769230769230774;1.826;0.5168571428571429;0.13052173913043474;unweighted_microdata
2012;10;Амурская область;terr_amurskaya_oblast;Мужчины;164;145;2.2866666666666666;1.9806451612903226;0.2896551724137931;1.3414634146341464;24.82758620689655;1.1666666666666667;72.5609756097561;;59.67741935483871;1.826;0.46066666666666656;0.15464516129032257;unweighted_microdata
2012;12;Астраханская область;terr_astrahanskaya_oblast;Все;259;237;2.3755102040816327;1.9959183673469387;0.3670886075949367;1.3706563706563706;30.37974683544304;1.2638888888888888;75.2895752895753;;57.466063348416284;1.924;0.4515102040816328;0.0719183673469388;unweighted_microdata
2012;12;Астраханская область;terr_astrahanskaya_oblast;Женщины;121;110;2.4;2.044642857142857;0.33636363636363636;1.3140495867768596;27.27272727272727;1.2666666666666666;69.42148760330579;;56.00000000000001;1.924;0.476;0.12064285714285727;unweighted_microdata
2012;12;Астраханская область;terr_astrahanskaya_oblast;Мужчины;138;127;2.353846153846154;1.9548872180451127;0.3937007874015748;1.4202898550724639;33.07086614173229;1.2619047619047619;80.43478260869566;;58.67768595041323;1.924;0.429846153846154;0.03088721804511274;unweighted_microdata
2012;14;Белгородская область;terr_belgorodskaya_oblast;Все;290;278;2.2367491166077738;1.7809187279151943;0.4856115107913669;1.0310344827586206;40.647482014388494;1.1946902654867257;74.48275862068967;;55.830388692579504;1.515;0.7217491166077739;0.26591872791519444;unweighted_microdata
2012;14;Белгородская область;terr_belgorodskaya_oblast;Женщины;165;158;2.2875;1.7839506172839505;0.5253164556962026;1.0121212121212122;41.139240506329116;1.2769230769230768;70.9090909090909;;51.87500000000001;1.515;0.7725000000000002;0.26895061728395064;unweighted_microdata
2012;14;Белгородская область;terr_belgorodskaya_oblast;Мужчины;125;120;2.1707317073170733;1.7768595041322315;0.43333333333333335;1.056;40.0;1.0833333333333333;79.2;;60.97560975609756;1.515;0.6557317073170734;0.2618595041322316;unweighted_microdata
2012;19;Вологодская область;terr_vologodskaya_oblast;Все;255;240;2.308;1.9049586776859504;0.3875;1.188235294117647;33.33333333333333;1.1625;75.29411764705883;;62.58064516129033;1.835;0.47299999999999986;0.06995867768595043;unweighted_microdata
2012;19;Вологодская область;terr_vologodskaya_oblast;Женщины;127;119;2.296;1.9327731092436975;0.3697478991596639;1.2834645669291338;31.092436974789916;1.1891891891891893;71.65354330708661;;64.28571428571429;1.835;0.46099999999999985;0.09777310924369753;unweighted_microdata
2012;19;Вологодская область;terr_vologodskaya_oblast;Мужчины;128;121;2.32;1.8780487804878048;0.4049586776859504;1.09375;35.53719008264463;1.1395348837209303;78.90625;;61.1764705882353;1.835;0.4849999999999999;0.043048780487804805;unweighted_microdata
2012;22;Нижегородская область;terr_nizhegorodskaya_oblast;Все;420;390;2.0469135802469136;1.7808564231738035;0.2564102564102564;0.9857142857142858;20.51282051282051;1.25;62.857142857142854;;60.30534351145038;1.55;0.49691358024691357;0.2308564231738035;unweighted_microdata
2012;22;Нижегородская область;terr_nizhegorodskaya_oblast;Женщины;190;174;2.1147540983606556;1.8181818181818181;0.28160919540229884;1.0473684210526315;20.114942528735632;1.4;62.10526315789474;;58.857142857142854;1.55;0.5647540983606556;0.2681818181818181;unweighted_microdata
2012;22;Нижегородская область;terr_nizhegorodskaya_oblast;Мужчины;230;216;1.990990990990991;1.751131221719457;0.2361111111111111;0.9347826086956522;20.833333333333336;1.1333333333333333;63.47826086956522;;61.46788990825688;1.55;0.44099099099099104;0.20113122171945697;unweighted_microdata
2012;25;Иркутская область;terr_irkutskaya_oblast;Все;348;299;2.2300613496932513;1.9766666666666666;0.26755852842809363;1.1666666666666667;20.401337792642142;1.3114754098360655;64.08045977011494;;58.75706214689266;1.963;0.26706134969325124;0.013666666666666494;unweighted_microdata
2012;25;Иркутская область;terr_irkutskaya_oblast;Женщины;195;169;2.1508379888268156;1.8823529411764706;0.26627218934911245;1.1128205128205129;18.34319526627219;1.4516129032258065;60.0;;54.736842105263165;1.963;0.18783798882681557;-0.08064705882352952;unweighted_microdata
2012;25;Иркутская область;terr_irkutskaya_oblast;Мужчины;153;130;2.326530612244898;2.1;0.2692307692307692;1.2352941176470589;23.076923076923077;1.1666666666666667;69.28104575163398;;63.41463414634146;1.963;0.3635306122448978;0.137;unweighted_microdata
2012;26;Республика Ингушетия;terr_respublika_ingushetiya;Все;226;181;3.4532019704433496;2.9838709677419355;0.4143646408839779;1.1460176991150441;25.96685082872928;1.6382978723404256;72.56637168141593;;60.5;2.315;1.1382019704433497;0.6688709677419356;unweighted_microdata
2012;26;Республика Ингушетия;terr_respublika_ingushetiya;Женщины;100;76;3.647727272727273;3.1012658227848102;0.39473684210526316;1.39;26.31578947368421;1.55;64.0;;60.22727272727273;2.315;1.332727272727273;0.7862658227848103;unweighted_microdata
2012;26;Республика Ингушетия;terr_respublika_ingushetiya;Мужчины;126;105;3.3043478260869565;2.897196261682243;0.42857142857142855;0.9523809523809523;25.71428571428571;1.7037037037037037;79.36507936507937;;60.71428571428571;2.315;0.9893478260869566;0.5821962616822431;unweighted_microdata
2012;27;Калининградская область;terr_kaliningradskaya_oblast;Все;246;220;2.3872340425531915;1.936936936936937;0.4318181818181818;1.056910569105691;32.72727272727273;1.3194444444444444;80.48780487804879;;53.6144578313253;1.623;0.7642340425531915;0.3139369369369369;unweighted_microdata
2012;27;Калининградская область;terr_kaliningradskaya_oblast;Женщины;108;93;2.2549019607843137;1.8617021276595744;0.3655913978494624;0.9444444444444444;25.806451612903224;1.4166666666666667;75.92592592592592;;54.41176470588235;1.623;0.6319019607843137;0.23870212765957444;unweighted_microdata
2012;27;Калининградская область;terr_kaliningradskaya_oblast;Мужчины;138;127;2.488721804511278;1.9921875;0.48031496062992124;1.144927536231884;37.79527559055118;1.2708333333333333;84.05797101449275;;53.06122448979592;1.623;0.865721804511278;0.3691875;unweighted_microdata
2012;28;Тверская область;terr_tverskaya_oblast;Все;270;245;2.124513618677043;1.8064516129032258;0.3306122448979592;1.1851851851851851;27.755102040816325;1.2205882352941178;71.48148148148148;;53.43511450381679;1.646;0.4785136186770429;0.16045161290322585;unweighted_microdata
2012;28;Тверская область;terr_tverskaya_oblast;Женщины;148;137;2.078014184397163;1.7737226277372262;0.32116788321167883;1.195945945945946;24.817518248175183;1.3235294117647058;66.21621621621621;;43.93939393939394;1.646;0.432014184397163;0.1277226277372263;unweighted_microdata
2012;28;Тверская область;terr_tverskaya_oblast;Мужчины;122;108;2.1810344827586206;1.8468468468468469;0.3425925925925926;1.1721311475409837;31.48148148148148;1.1176470588235294;77.8688524590164;;63.07692307692307;1.646;0.5350344827586206;0.20084684684684695;unweighted_microdata
2012;29;Калужская область;terr_kaluzhskaya_oblast;Все;262;237;2.3654618473895583;1.9090909090909092;0.4810126582278481;1.0381679389312977;37.9746835443038;1.2666666666666666;69.8473282442748;;74.25742574257426;1.605;0.7604618473895584;0.3040909090909092;unweighted_microdata
2012;29;Калужская область;terr_kaluzhskaya_oblast;Женщины;128;115;2.2892561983471076;1.7627118644067796;0.5391304347826087;0.953125;41.73913043478261;1.2916666666666667;60.15625;;70.40816326530613;1.605;0.6842561983471076;0.15771186440677964;unweighted_microdata
2012;29;Калужская область;terr_kaluzhskaya_oblast;Мужчины;134;122;2.4375;2.0483870967741935;0.4262295081967213;1.1194029850746268;34.42622950819672;1.2380952380952381;79.1044776119403;;77.88461538461539;1.605;0.8325;0.4433870967741935;unweighted_microdata
2012;34;Костромская область;terr_kostromskaya_oblast;Все;243;232;2.1255230125523012;1.8076923076923077;0.3146551724137931;1.0781893004115226;24.568965517241377;1.280701754385965;74.07407407407408;;53.03030303030303;1.838;0.28752301255230117;-0.03030769230769237;unweighted_microdata
2012;34;Костромская область;terr_kostromskaya_oblast;Женщины;119;113;2.1724137931034484;1.8421052631578947;0.35398230088495575;1.0336134453781514;24.778761061946902;1.4285714285714286;71.42857142857143;;56.71641791044776;1.838;0.3344137931034483;0.004105263157894612;unweighted_microdata
2012;34;Костромская область;terr_kostromskaya_oblast;Мужчины;124;119;2.0813008130081303;1.775;0.2773109243697479;1.1209677419354838;24.369747899159663;1.1379310344827587;76.61290322580645;;49.23076923076923;1.838;0.24330081300813022;-0.06300000000000017;unweighted_microdata
2012;36;Самарская область;terr_samarskaya_oblast;Все;420;388;2.063882063882064;1.7289002557544757;0.3247422680412371;0.9976190476190476;24.742268041237114;1.3645833333333333;68.57142857142857;;63.438256658595634;1.535;0.5288820638820642;0.19390025575447578;unweighted_microdata
2012;36;Самарская область;terr_samarskaya_oblast;Женщины;209;195;2.0788177339901477;1.6887755102040816;0.38461538461538464;1.0191387559808613;27.692307692307693;1.4444444444444444;66.98564593301435;;64.07766990291263;1.535;0.5438177339901478;0.15377551020408164;unweighted_microdata
2012;36;Самарская область;terr_samarskaya_oblast;Мужчины;211;193;2.049019607843137;1.7692307692307692;0.26424870466321243;0.976303317535545;21.761658031088082;1.2619047619047619;70.14218009478674;;62.80193236714976;1.535;0.5140196078431372;0.23423076923076924;unweighted_microdata
2012;40;г. Санкт-Петербург;terr_sankt_peterburg;Все;585;535;2.122994652406417;1.6753246753246753;0.4392523364485981;0.8803418803418803;36.074766355140184;1.217616580310881;57.43589743589743;;67.99163179916317;1.473;0.6499946524064171;0.20232467532467524;unweighted_microdata
2012;40;г. Санкт-Петербург;terr_sankt_peterburg;Женщины;237;220;2.1466666666666665;1.7104072398190044;0.4318181818181818;0.9282700421940928;33.18181818181819;1.3013698630136987;61.18143459915611;;66.13756613756614;1.473;0.6736666666666664;0.23740723981900436;unweighted_microdata
2012;40;г. Санкт-Петербург;terr_sankt_peterburg;Мужчины;348;315;2.107142857142857;1.650943396226415;0.4444444444444444;0.8477011494252874;38.095238095238095;1.1666666666666667;54.88505747126437;;69.20415224913495;1.473;0.6341428571428571;0.17794339622641497;unweighted_microdata
2012;46;Московская область;terr_moskovskaya_oblast;Все;811;630;2.0828729281767955;1.7195685670261942;0.3523809523809524;0.9136868064118372;28.888888888888886;1.2307692307692308;60.17262638717632;;66.12244897959184;1.43;0.6528729281767955;0.28956856702619427;unweighted_microdata
2012;46;Московская область;terr_moskovskaya_oblast;Женщины;388;291;2.063063063063063;1.707236842105263;0.3402061855670103;0.9123711340206185;26.11683848797251;1.3157894736842106;53.608247422680414;;61.756373937677054;1.43;0.6330630630630629;0.2772368421052631;unweighted_microdata
2012;46;Московская область;terr_moskovskaya_oblast;Мужчины;423;339;2.0997442455242967;1.7304347826086957;0.36283185840707965;0.9148936170212766;31.268436578171094;1.169811320754717;66.19385342789597;;70.15706806282722;1.43;0.6697442455242968;0.3004347826086957;unweighted_microdata
2012;53;Оренбургская область;terr_orenburgskaya_oblast;Все;320;300;2.327974276527331;1.9703947368421053;0.36333333333333334;1.1;28.666666666666668;1.302325581395349;70.3125;;56.27009646302251;1.956;0.37197427652733106;0.014394736842105349;unweighted_microdata
2012;53;Оренбургская область;terr_orenburgskaya_oblast;Женщины;150;140;2.331034482758621;1.9295774647887325;0.4142857142857143;1.0733333333333333;32.857142857142854;1.2826086956521738;64.0;;53.79310344827586;1.956;0.37503448275862095;-0.026422535211267473;unweighted_microdata
2012;53;Оренбургская область;terr_orenburgskaya_oblast;Мужчины;170;160;2.325301204819277;2.006172839506173;0.31875;1.1235294117647059;25.0;1.325;75.88235294117646;;58.43373493975904;1.956;0.3693012048192772;0.050172839506172906;unweighted_microdata
2012;60;Ростовская область;terr_rostovskaya_oblast;Все;525;504;2.166023166023166;1.8153241650294696;0.3353174603174603;1.1066666666666667;26.984126984126984;1.2647058823529411;67.80952380952381;;57.49999999999999;1.504;0.6620231660231659;0.3113241650294696;unweighted_microdata
2012;60;Ростовская область;terr_rostovskaya_oblast;Женщины;269;259;2.139622641509434;1.8358778625954197;0.28957528957528955;1.174721189591078;22.779922779922778;1.2881355932203389;64.68401486988847;;57.3170731707317;1.504;0.6356226415094341;0.33187786259541974;unweighted_microdata
2012;60;Ростовская область;terr_rostovskaya_oblast;Мужчины;256;245;2.1936758893280635;1.7935222672064777;0.3836734693877551;1.03515625;31.428571428571427;1.2467532467532467;71.09375;;57.692307692307686;1.504;0.6896758893280635;0.28952226720647767;unweighted_microdata
2012;61;Рязанская область;terr_ryazanskaya_oblast;Все;255;235;2.128630705394191;1.8242677824267783;0.2765957446808511;1.011764705882353;20.851063829787233;1.3265306122448979;66.27450980392156;;49.586776859504134;1.534;0.5946307053941908;0.2902677824267783;unweighted_microdata
2012;61;Рязанская область;terr_ryazanskaya_oblast;Женщины;131;122;2.152;1.8387096774193548;0.26229508196721313;0.8625954198473282;18.852459016393443;1.391304347826087;69.46564885496184;;48.0;1.534;0.6180000000000001;0.30470967741935473;unweighted_microdata
2012;61;Рязанская область;terr_ryazanskaya_oblast;Мужчины;124;113;2.103448275862069;1.808695652173913;0.2920353982300885;1.1693548387096775;23.008849557522122;1.2692307692307692;62.903225806451616;;51.28205128205128;1.534;0.5694482758620689;0.274695652173913;unweighted_microdata
2012;65;Свердловская область;terr_sverdlovskaya_oblast;Все;525;460;2.316430020283976;1.915966386554622;0.40652173913043477;1.0857142857142856;32.17391304347826;1.2635135135135136;68.38095238095238;;50.60827250608273;1.825;0.49143002028397587;0.09096638655462197;unweighted_microdata
2012;65;Свердловская область;terr_sverdlovskaya_oblast;Женщины;263;231;2.330578512396694;1.9173553719008265;0.42424242424242425;1.0950570342205324;31.16883116883117;1.3611111111111112;64.63878326996198;;48.51485148514851;1.825;0.505578512396694;0.09235537190082654;unweighted_microdata
2012;65;Свердловская область;terr_sverdlovskaya_oblast;Мужчины;262;229;2.302788844621514;1.9145299145299146;0.388646288209607;1.0763358778625953;33.18777292576419;1.1710526315789473;72.13740458015268;;52.63157894736842;1.825;0.47778884462151416;0.08952991452991466;unweighted_microdata
2012;66;Смоленская область;terr_smolenskaya_oblast;Все;240;219;2.0905172413793105;1.7623318385650224;0.3424657534246575;1.0791666666666666;26.027397260273972;1.3157894736842106;61.66666666666667;;46.92307692307692;1.43;0.6605172413793106;0.33233183856502246;unweighted_microdata
2012;66;Смоленская область;terr_smolenskaya_oblast;Женщины;133;123;2.062015503875969;1.776;0.3089430894308943;1.1954887218045114;21.951219512195124;1.4074074074074074;52.63157894736842;;39.130434782608695;1.43;0.6320155038759692;0.3460000000000001;unweighted_microdata
2012;66;Смоленская область;terr_smolenskaya_oblast;Мужчины;107;96;2.1262135922330097;1.7448979591836735;0.3854166666666667;0.9345794392523364;31.25;1.2333333333333334;72.89719626168224;;55.73770491803278;1.43;0.6962135922330097;0.3148979591836736;unweighted_microdata
2012;73;Ульяновская область;terr_ulyanovskaya_oblast;Все;270;257;2.3169811320754716;1.8521400778210118;0.45136186770428016;1.3;33.85214007782101;1.3333333333333333;72.5925925925926;;54.310344827586206;1.57;0.7469811320754716;0.2821400778210117;unweighted_microdata
2012;73;Ульяновская область;terr_ulyanovskaya_oblast;Женщины;127;118;2.338709677419355;1.8983050847457628;0.4152542372881356;1.3937007874015748;28.8135593220339;1.4411764705882353;68.50393700787401;;50.0;1.57;0.7687096774193549;0.3283050847457627;unweighted_microdata
2012;73;Ульяновская область;terr_ulyanovskaya_oblast;Мужчины;143;139;2.297872340425532;1.8129496402877698;0.48201438848920863;1.2167832167832169;38.1294964028777;1.2641509433962264;76.22377622377621;;58.06451612903226;1.57;0.7278723404255321;0.24294964028776977;unweighted_microdata
2012;75;Челябинская область;terr_chelyabinskaya_oblast;Все;457;443;2.319910514541387;1.9754464285714286;0.3544018058690745;1.2188183807439825;29.345372460496616;1.2076923076923076;72.64770240700219;;60.65934065934066;1.809;0.510910514541387;0.16644642857142866;unweighted_microdata
2012;75;Челябинская область;terr_chelyabinskaya_oblast;Женщины;245;236;2.3333333333333335;2.0083333333333333;0.3347457627118644;1.2979591836734694;27.54237288135593;1.2153846153846153;65.3061224489796;;54.73251028806584;1.809;0.5243333333333335;0.19933333333333336;unweighted_microdata
2012;75;Челябинская область;terr_chelyabinskaya_oblast;Мужчины;212;207;2.3047619047619046;1.9375;0.37681159420289856;1.1273584905660377;31.40096618357488;1.2;81.13207547169812;;67.45283018867924;1.809;0.4957619047619046;0.12850000000000006;unweighted_microdata
2012;76;Забайкальский край;terr_zabaykalskiy_kray;Все;255;237;2.5506072874493926;2.1176470588235294;0.4008438818565401;1.3254901960784313;26.582278481012654;1.507936507936508;78.82352941176471;;60.73059360730594;1.995;0.5556072874493925;0.12264705882352933;unweighted_microdata
2012;76;Забайкальский край;terr_zabaykalskiy_kray;Женщины;123;115;2.588235294117647;2.086206896551724;0.4608695652173913;1.2113821138211383;26.08695652173913;1.7666666666666666;75.60975609756098;;60.19417475728155;1.995;0.5932352941176471;0.09120689655172409;unweighted_microdata
2012;76;Забайкальский край;terr_zabaykalskiy_kray;Мужчины;132;122;2.515625;2.1475409836065573;0.3442622950819672;1.4318181818181819;27.049180327868854;1.2727272727272727;81.81818181818183;;61.206896551724135;1.995;0.5206249999999999;0.1525409836065572;unweighted_microdata
2012;80;Республика Башкортостан;terr_respublika_bashkortostan;Все;510;479;2.4798387096774195;2.0391752577319586;0.453027139874739;1.2901960784313726;32.35908141962422;1.4;71.56862745098039;;48.03921568627451;1.847;0.6328387096774195;0.19217525773195865;unweighted_microdata
2012;80;Республика Башкортостан;terr_respublika_bashkortostan;Женщины;257;238;2.4838709677419355;2.029045643153527;0.47058823529411764;1.2412451361867705;31.092436974789916;1.5135135135135136;66.9260700389105;;43.96887159533074;1.847;0.6368709677419355;0.1820456431535269;unweighted_microdata
2012;80;Республика Башкортостан;terr_respublika_bashkortostan;Мужчины;253;241;2.475806451612903;2.0491803278688523;0.43568464730290457;1.3399209486166008;33.60995850622407;1.2962962962962963;76.28458498023716;;52.17391304347826;1.847;0.628806451612903;0.20218032786885232;unweighted_microdata
2012;81;Республика Бурятия;terr_respublika_buryatiya;Все;244;216;2.6120689655172415;2.1900452488687785;0.38425925925925924;1.430327868852459;29.629629629629626;1.296875;79.50819672131148;;40.969162995594715;2.127;0.48506896551724177;0.06304524886877871;unweighted_microdata
2012;81;Республика Бурятия;terr_respublika_buryatiya;Женщины;126;110;2.689655172413793;2.236842105263158;0.42727272727272725;1.4206349206349207;30.909090909090907;1.3823529411764706;78.57142857142857;;36.75213675213676;2.127;0.5626551724137934;0.10984210526315819;unweighted_microdata
2012;81;Республика Бурятия;terr_respublika_buryatiya;Мужчины;118;106;2.5344827586206895;2.1401869158878504;0.33962264150943394;1.4406779661016949;28.30188679245283;1.2;80.50847457627118;;45.45454545454545;2.127;0.4074827586206897;0.013186915887850592;unweighted_microdata
2012;84;Республика Алтай;terr_respublika_altay;Все;225;212;2.8211009174311927;2.4232558139534883;0.4009433962264151;1.6622222222222223;28.30188679245283;1.4166666666666667;82.66666666666667;;57.692307692307686;2.92;-0.0988990825688072;-0.4967441860465116;unweighted_microdata
2012;84;Республика Алтай;terr_respublika_altay;Женщины;118;112;2.8053097345132745;2.398230088495575;0.4017857142857143;1.694915254237288;26.785714285714285;1.5;75.42372881355932;;61.111111111111114;2.92;-0.11469026548672545;-0.5217699115044248;unweighted_microdata
2012;84;Республика Алтай;terr_respublika_altay;Мужчины;107;100;2.8380952380952382;2.450980392156863;0.4;1.6261682242990654;30.0;1.3333333333333333;90.65420560747664;;54.347826086956516;2.92;-0.0819047619047617;-0.469019607843137;unweighted_microdata
2012;87;Республика Коми;terr_respublika_komi;Все;240;225;2.390557939914163;1.9078947368421053;0.49333333333333335;1.125;33.33333333333333;1.48;77.5;;47.11538461538461;1.874;0.5165579399141631;0.0338947368421052;unweighted_microdata
2012;87;Республика Коми;terr_respublika_komi;Женщины;110;104;2.5233644859813085;1.8962264150943395;0.6634615384615384;0.9818181818181818;41.34615384615385;1.6046511627906976;74.54545454545455;;45.16129032258064;1.874;0.6493644859813084;0.022226415094339425;unweighted_microdata
2012;87;Республика Коми;terr_respublika_komi;Мужчины;130;121;2.2777777777777777;1.9180327868852458;0.34710743801652894;1.2461538461538462;26.446280991735538;1.3125;80.0;;48.69565217391305;1.874;0.40377777777777757;0.0440327868852457;unweighted_microdata
2012;89;Республика Мордовия;terr_respublika_mordoviya;Все;240;225;2.021834061135371;1.7149122807017543;0.31555555555555553;0.9666666666666667;26.666666666666668;1.1833333333333333;66.66666666666666;;50.56818181818182;1.315;0.7068340611353712;0.39991228070175433;unweighted_microdata
2012;89;Республика Мордовия;terr_respublika_mordoviya;Женщины;125;115;1.9401709401709402;1.6666666666666667;0.28695652173913044;0.968;21.73913043478261;1.32;59.199999999999996;;47.05882352941176;1.315;0.6251709401709402;0.3516666666666668;unweighted_microdata
2012;89;Республика Мордовия;terr_respublika_mordoviya;Мужчины;115;110;2.107142857142857;1.7657657657657657;0.34545454545454546;0.9652173913043478;31.818181818181817;1.0857142857142856;74.78260869565217;;53.84615384615385;1.315;0.7921428571428573;0.45076576576576577;unweighted_microdata
2012;95;Республика Хакасия;terr_respublika_hakasiya;Все;225;223;2.7422222222222223;2.2556053811659194;0.49327354260089684;1.528888888888889;33.6322869955157;1.4666666666666666;78.66666666666666;;53.990610328638496;1.988;0.7542222222222223;0.26760538116591936;unweighted_microdata
2012;95;Республика Хакасия;terr_respublika_hakasiya;Женщины;105;104;2.933333333333333;2.3461538461538463;0.5961538461538461;1.6952380952380952;36.53846153846153;1.631578947368421;68.57142857142857;;54.63917525773196;1.988;0.9453333333333331;0.35815384615384627;unweighted_microdata
2012;95;Республика Хакасия;terr_respublika_hakasiya;Мужчины;120;119;2.575;2.176470588235294;0.40336134453781514;1.3833333333333333;31.092436974789916;1.2972972972972974;87.5;;53.44827586206896;1.988;0.5870000000000002;0.18847058823529395;unweighted_microdata
2012;RU;Россия;terr_rf_bez_novyh_subektov;Все;10054;9146;2.292403746097815;1.9180116204002582;0.37076317515853924;1.1263178834294807;28.96348130330199;1.2884107210268025;69.54445991645116;;57.577191529634455;1.686;0.6064037460978149;0.23201162040025824;unweighted_microdata
2012;RU;Россия;terr_rf_bez_novyh_subektov;Женщины;4910;4445;2.301010535368738;1.9166298098186643;0.38020247469066365;1.1382892057026477;27.94150731158605;1.3687600644122384;65.33604887983707;;54.73139477575161;1.686;0.6150105353687381;0.23062980981866432;unweighted_microdata
2012;RU;Россия;terr_rf_bez_novyh_subektov;Мужчины;5144;4701;2.2843315184513004;1.9193210393964795;0.3618379068283344;1.114891135303266;29.92980216975112;1.2174840085287846;73.56143079315707;;60.20477815699658;1.686;0.5983315184513005;0.23332103939647952;unweighted_microdata
2017;01;Алтайский край;terr_altayskiy_kray;Все;240;231;2.2796610169491527;1.8793103448275863;0.3939393939393939;1.3125;29.004329004329005;1.4029850746268657;67.5;8.333333333333332;;1.659;0.6206610169491527;0.22031034482758627;unweighted_microdata
2017;01;Алтайский край;terr_altayskiy_kray;Женщины;113;108;2.225225225225225;1.8518518518518519;0.3888888888888889;1.2035398230088497;30.555555555555557;1.3333333333333333;78.76106194690266;10.619469026548673;;1.659;0.5662252252252251;0.19285185185185183;unweighted_microdata
2017;01;Алтайский край;terr_altayskiy_kray;Мужчины;127;123;2.328;1.903225806451613;0.3983739837398374;1.4094488188976377;27.64227642276423;1.4705882352941178;57.48031496062992;6.299212598425196;;1.659;0.6689999999999998;0.24422580645161296;unweighted_microdata
2017;03;Краснодарский край;terr_krasnodarskiy_kray;Все;465;420;2.17420814479638;1.880281690140845;0.26666666666666666;1.1720430107526882;20.476190476190474;1.372093023255814;65.59139784946237;6.451612903225806;;1.707;0.46720814479637984;0.17328169014084494;unweighted_microdata
2017;03;Краснодарский край;terr_krasnodarskiy_kray;Женщины;206;188;2.170854271356784;1.9095744680851063;0.23404255319148937;1.174757281553398;22.340425531914892;1.1428571428571428;65.0485436893204;5.339805825242718;;1.707;0.4638542713567839;0.20257446808510626;unweighted_microdata
2017;03;Краснодарский край;terr_krasnodarskiy_kray;Мужчины;259;232;2.1769547325102883;1.8571428571428572;0.29310344827586204;1.16988416988417;18.96551724137931;1.5909090909090908;66.02316602316603;7.335907335907336;;1.707;0.4699547325102882;0.15014285714285713;unweighted_microdata
2017;04;Красноярский край;terr_krasnoyarskiy_kray;Все;270;233;2.2008032128514055;1.933609958506224;0.24892703862660945;1.2962962962962963;21.030042918454935;1.3061224489795917;59.25925925925925;7.037037037037037;;1.65;0.5508032128514055;0.28360995850622417;unweighted_microdata
2017;04;Красноярский край;terr_krasnoyarskiy_kray;Женщины;112;105;2.18348623853211;1.9245283018867925;0.2761904761904762;1.3035714285714286;22.857142857142858;1.2916666666666667;66.96428571428571;8.035714285714286;;1.65;0.53348623853211;0.27452830188679256;unweighted_microdata
2017;04;Красноярский край;terr_krasnoyarskiy_kray;Мужчины;158;128;2.2142857142857144;1.9407407407407407;0.2265625;1.2911392405063291;19.53125;1.32;53.79746835443038;6.329113924050633;;1.65;0.5642857142857145;0.29074074074074074;unweighted_microdata
2017;05;Приморский край;terr_primorskiy_kray;Все;270;234;2.1485943775100402;1.9291666666666667;0.21794871794871795;1.1481481481481481;20.51282051282051;1.1041666666666667;64.07407407407408;8.148148148148149;;1.576;0.5725943775100402;0.35316666666666663;unweighted_microdata
2017;05;Приморский край;terr_primorskiy_kray;Женщины;127;110;2.142857142857143;1.8761061946902655;0.2545454545454545;1.0708661417322836;21.818181818181817;1.1666666666666667;66.14173228346458;4.724409448818897;;1.576;0.5668571428571427;0.30010619469026545;unweighted_microdata
2017;05;Приморский край;terr_primorskiy_kray;Мужчины;143;124;2.1538461538461537;1.9763779527559056;0.18548387096774194;1.2167832167832169;19.35483870967742;1.0416666666666667;62.23776223776224;11.188811188811188;;1.576;0.5778461538461537;0.4003779527559055;unweighted_microdata
2017;07;Ставропольский край;terr_stavropolskiy_kray;Все;315;290;2.2392026578073088;1.918088737201365;0.31724137931034485;1.3523809523809525;24.82758620689655;1.3333333333333333;61.904761904761905;7.936507936507936;;1.485;0.7542026578073087;0.433088737201365;unweighted_microdata
2017;07;Ставропольский край;terr_stavropolskiy_kray;Женщины;143;134;2.2158273381294964;1.9044117647058822;0.29850746268656714;1.3076923076923077;26.119402985074625;1.1714285714285715;71.32867132867133;8.391608391608392;;1.485;0.7308273381294963;0.41941176470588215;unweighted_microdata
2017;07;Ставропольский край;terr_stavropolskiy_kray;Мужчины;172;156;2.259259259259259;1.929936305732484;0.3333333333333333;1.3895348837209303;23.717948717948715;1.4864864864864864;54.06976744186046;7.55813953488372;;1.485;0.774259259259259;0.444936305732484;unweighted_microdata
2017;08;Хабаровский край;terr_habarovskiy_kray;Все;179;147;1.98125;1.7483443708609272;0.21768707482993196;1.089385474860335;16.3265306122449;1.375;53.63128491620112;13.966480446927374;;1.621;0.36024999999999996;0.1273443708609272;unweighted_microdata
2017;08;Хабаровский край;terr_habarovskiy_kray;Женщины;80;67;2.0405405405405403;1.8676470588235294;0.19402985074626866;1.1375;16.417910447761194;1.2727272727272727;61.25000000000001;13.750000000000002;;1.621;0.41954054054054035;0.24664705882352944;unweighted_microdata
2017;08;Хабаровский край;terr_habarovskiy_kray;Мужчины;99;80;1.930232558139535;1.6506024096385543;0.2375;1.0505050505050506;16.25;1.4615384615384615;47.474747474747474;14.14141414141414;;1.621;0.309232558139535;0.029602409638554317;unweighted_microdata
2017;10;Амурская область;terr_amurskaya_oblast;Все;128;112;2.115702479338843;1.7863247863247864;0.25892857142857145;1.2578125;24.107142857142858;1.1111111111111112;60.15625;7.03125;;1.699;0.41670247933884297;0.08732478632478635;unweighted_microdata
2017;10;Амурская область;terr_amurskaya_oblast;Женщины;60;57;2.1333333333333333;1.8771929824561404;0.24561403508771928;1.3833333333333333;21.052631578947366;1.1666666666666667;50.0;3.3333333333333335;;1.699;0.43433333333333324;0.17819298245614035;unweighted_microdata
2017;10;Амурская область;terr_amurskaya_oblast;Мужчины;68;55;2.098360655737705;1.7;0.2727272727272727;1.1470588235294117;27.27272727272727;1.0666666666666667;69.11764705882352;10.294117647058822;;1.699;0.39936065573770496;0.0009999999999998899;unweighted_microdata
2017;11;Архангельская область;terr_arhangelskaya_oblast_krome_nenetskogo_avtonomnogo_okruga;Все;150;131;2.115107913669065;1.7153284671532847;0.37404580152671757;1.12;27.480916030534353;1.3888888888888888;53.333333333333336;6.666666666666667;;1.731;0.3841079136690648;-0.015671532846715408;unweighted_microdata
2017;11;Архангельская область;terr_arhangelskaya_oblast_krome_nenetskogo_avtonomnogo_okruga;Женщины;85;72;2.141025641025641;1.7012987012987013;0.4166666666666667;1.0235294117647058;29.166666666666668;1.4285714285714286;58.82352941176471;7.0588235294117645;;1.731;0.4100256410256409;-0.029701298701298784;unweighted_microdata
2017;11;Архангельская область;terr_arhangelskaya_oblast_krome_nenetskogo_avtonomnogo_okruga;Мужчины;65;59;2.081967213114754;1.7333333333333334;0.3220338983050847;1.2461538461538462;25.423728813559322;1.3333333333333333;46.15384615384615;6.153846153846154;;1.731;0.3509672131147539;0.0023333333333332984;unweighted_microdata
2017;12;Астраханская область;terr_astrahanskaya_oblast;Все;135;105;2.4444444444444446;2.1009174311926606;0.3047619047619048;1.3777777777777778;21.904761904761905;1.391304347826087;68.88888888888889;14.814814814814813;;1.727;0.7174444444444446;0.3739174311926605;unweighted_microdata
2017;12;Астраханская область;terr_astrahanskaya_oblast;Женщины;58;47;2.418181818181818;2.0833333333333335;0.2765957446808511;1.3103448275862069;14.893617021276595;1.8571428571428572;70.6896551724138;12.068965517241379;;1.727;0.6911818181818179;0.3563333333333334;unweighted_microdata
2017;12;Астраханская область;terr_astrahanskaya_oblast;Мужчины;77;58;2.467741935483871;2.1147540983606556;0.3275862068965517;1.4285714285714286;27.586206896551722;1.1875;67.53246753246754;16.883116883116884;;1.727;0.7407419354838709;0.38775409836065555;unweighted_microdata
2017;14;Белгородская область;terr_belgorodskaya_oblast;Все;180;170;1.8959537572254335;1.6511627906976745;0.25882352941176473;1.0444444444444445;22.35294117647059;1.1842105263157894;70.0;10.555555555555555;;1.389;0.5069537572254335;0.26216279069767445;unweighted_microdata
2017;14;Белгородская область;terr_belgorodskaya_oblast;Женщины;82;79;1.7974683544303798;1.6125;0.20253164556962025;0.9512195121951219;20.253164556962027;1.0;73.17073170731707;14.634146341463413;;1.389;0.40846835443037977;0.22350000000000003;unweighted_microdata
2017;14;Белгородская область;terr_belgorodskaya_oblast;Мужчины;98;91;1.9787234042553192;1.684782608695652;0.3076923076923077;1.1224489795918366;24.175824175824175;1.3181818181818181;67.3469387755102;7.142857142857142;;1.389;0.5897234042553192;0.2957826086956521;unweighted_microdata
2017;15;Брянская область;terr_bryanskaya_oblast;Все;165;151;2.019230769230769;1.7039473684210527;0.31125827814569534;1.103030303030303;22.516556291390728;1.411764705882353;49.696969696969695;3.6363636363636362;;1.431;0.5882307692307691;0.2729473684210526;unweighted_microdata
2017;15;Брянская область;terr_bryanskaya_oblast;Женщины;81;76;1.9620253164556962;1.7236842105263157;0.21052631578947367;1.1481481481481481;17.105263157894736;1.3076923076923077;54.32098765432099;4.938271604938271;;1.431;0.5310253164556962;0.29268421052631566;unweighted_microdata
2017;15;Брянская область;terr_bryanskaya_oblast;Мужчины;84;75;2.0779220779220777;1.6842105263157894;0.41333333333333333;1.0595238095238095;28.000000000000004;1.4761904761904763;45.23809523809524;2.380952380952381;;1.431;0.6469220779220777;0.25321052631578933;unweighted_microdata
2017;17;Владимирская область;terr_vladimirskaya_oblast;Все;179;155;2.091463414634146;1.9230769230769231;0.16129032258064516;1.2905027932960893;15.483870967741936;1.125;54.18994413407822;7.82122905027933;;1.491;0.6004634146341461;0.432076923076923;unweighted_microdata
2017;17;Владимирская область;terr_vladimirskaya_oblast;Женщины;67;60;2.0634920634920637;1.8666666666666667;0.15;1.2537313432835822;16.666666666666664;1.0;64.17910447761194;4.477611940298507;;1.491;0.5724920634920636;0.3756666666666666;unweighted_microdata
2017;17;Владимирская область;terr_vladimirskaya_oblast;Мужчины;112;95;2.108910891089109;1.9583333333333333;0.16842105263157894;1.3125;14.736842105263156;1.2142857142857142;48.214285714285715;9.821428571428571;;1.491;0.6179108910891089;0.46733333333333316;unweighted_microdata
2017;18;Волгоградская область;terr_volgogradskaya_oblast;Все;293;277;2.226950354609929;1.9572953736654803;0.2563176895306859;1.2696245733788396;23.465703971119133;1.1538461538461537;80.54607508532423;10.238907849829351;;1.404;0.822950354609929;0.5532953736654804;unweighted_microdata
2017;18;Волгоградская область;terr_volgogradskaya_oblast;Женщины;138;128;2.257575757575758;1.9;0.3359375;1.2246376811594204;28.125;1.1944444444444444;83.33333333333334;7.971014492753622;;1.404;0.8535757575757579;0.496;unweighted_microdata
2017;18;Волгоградская область;terr_volgogradskaya_oblast;Мужчины;155;149;2.2;2.006622516556291;0.18791946308724833;1.3096774193548386;19.463087248322147;1.103448275862069;78.06451612903226;12.258064516129032;;1.404;0.7960000000000003;0.6026225165562913;unweighted_microdata
2017;19;Вологодская область;terr_vologodskaya_oblast;Все;150;140;2.138888888888889;1.8391608391608392;0.2857142857142857;1.1466666666666667;22.857142857142858;1.28125;61.33333333333333;6.666666666666667;;1.682;0.4568888888888889;0.15716083916083923;unweighted_microdata
2017;19;Вологодская область;terr_vologodskaya_oblast;Женщины;73;69;2.140845070422535;1.8857142857142857;0.2463768115942029;1.1917808219178083;20.28985507246377;1.2857142857142858;63.013698630136986;2.73972602739726;;1.682;0.4588450704225351;0.20371428571428574;unweighted_microdata
2017;19;Вологодская область;terr_vologodskaya_oblast;Мужчины;77;71;2.136986301369863;1.7945205479452055;0.323943661971831;1.103896103896104;25.352112676056336;1.2777777777777777;59.74025974025974;10.38961038961039;;1.682;0.4549863013698632;0.1125205479452056;unweighted_microdata
2017;20;Воронежская область;terr_voronezhskaya_oblast;Все;225;207;1.8721461187214612;1.6473429951690821;0.21256038647342995;1.0933333333333333;18.84057971014493;1.1794871794871795;58.666666666666664;6.666666666666667;;1.357;0.5151461187214612;0.29034299516908213;unweighted_microdata
2017;20;Воронежская область;terr_voronezhskaya_oblast;Женщины;85;80;1.8214285714285714;1.6375;0.1625;1.0823529411764705;18.75;1.0;65.88235294117646;5.88235294117647;;1.357;0.4644285714285714;0.28049999999999997;unweighted_microdata
2017;20;Воронежская область;terr_voronezhskaya_oblast;Мужчины;140;127;1.9037037037037037;1.6535433070866141;0.2440944881889764;1.1;18.89763779527559;1.2916666666666667;54.285714285714285;7.142857142857142;;1.357;0.5467037037037037;0.29654330708661414;unweighted_microdata
2017;22;Нижегородская область;terr_nizhegorodskaya_oblast;Все;285;282;2.166077738515901;1.8904593639575973;0.2765957446808511;1.1859649122807017;23.04964539007092;1.3076923076923077;68.0701754385965;2.807017543859649;;1.527;0.639077738515901;0.36345936395759737;unweighted_microdata
2017;22;Нижегородская область;terr_nizhegorodskaya_oblast;Женщины;136;135;2.264705882352941;1.9259259259259258;0.3333333333333333;1.2426470588235294;28.14814814814815;1.2894736842105263;73.52941176470588;2.941176470588235;;1.527;0.7377058823529412;0.3989259259259259;unweighted_microdata
2017;22;Нижегородская область;terr_nizhegorodskaya_oblast;Мужчины;149;147;2.074829931972789;1.8581081081081081;0.22448979591836735;1.1342281879194631;18.367346938775512;1.3333333333333333;63.08724832214765;2.684563758389262;;1.527;0.5478299319727891;0.3311081081081082;unweighted_microdata
2017;24;Ивановская область;terr_ivanovskaya_oblast;Все;135;126;1.9849624060150375;1.6328125;0.3253968253968254;1.1777777777777778;23.015873015873016;1.4137931034482758;57.77777777777777;11.851851851851853;;1.541;0.44396240601503756;0.09181250000000007;unweighted_microdata
2017;24;Ивановская область;terr_ivanovskaya_oblast;Женщины;56;54;2.0535714285714284;1.6481481481481481;0.35185185185185186;1.3035714285714286;24.074074074074073;1.4615384615384615;66.07142857142857;10.714285714285714;;1.541;0.5125714285714285;0.10714814814814821;unweighted_microdata
2017;24;Ивановская область;terr_ivanovskaya_oblast;Мужчины;79;72;1.9350649350649352;1.6216216216216217;0.3055555555555556;1.0886075949367089;22.22222222222222;1.375;51.89873417721519;12.658227848101266;;1.541;0.39406493506493523;0.08062162162162179;unweighted_microdata
2017;25;Иркутская область;terr_irkutskaya_oblast;Все;210;200;2.5637254901960786;2.2118226600985222;0.33;1.4047619047619047;25.0;1.44;70.47619047619048;6.666666666666667;;1.877;0.6867254901960786;0.33482266009852224;unweighted_microdata
2017;25;Иркутская область;terr_irkutskaya_oblast;Женщины;92;86;2.449438202247191;2.102272727272727;0.29069767441860467;1.4130434782608696;24.418604651162788;1.2380952380952381;76.08695652173914;9.782608695652174;;1.877;0.5724382022471912;0.22527272727272707;unweighted_microdata
2017;25;Иркутская область;terr_irkutskaya_oblast;Мужчины;118;114;2.652173913043478;2.2956521739130435;0.35964912280701755;1.3983050847457628;25.438596491228072;1.5862068965517242;66.10169491525424;4.23728813559322;;1.877;0.775173913043478;0.41865217391304355;unweighted_microdata
2017;26;Республика Ингушетия;terr_respublika_ingushetiya;Все;60;42;3.42;3.088888888888889;0.35714285714285715;1.5166666666666666;23.809523809523807;1.7;50.0;15.0;;1.893;1.527;1.195888888888889;unweighted_microdata
2017;26;Республика Ингушетия;terr_respublika_ingushetiya;Женщины;38;26;3.4375;3.1379310344827585;0.34615384615384615;1.5789473684210527;23.076923076923077;1.6666666666666667;44.73684210526316;13.157894736842104;;1.893;1.5445;1.2449310344827584;unweighted_microdata
2017;26;Республика Ингушетия;terr_respublika_ingushetiya;Мужчины;22;16;3.388888888888889;3.0;0.375;1.4090909090909092;25.0;1.75;59.09090909090909;18.181818181818183;;1.893;1.4958888888888888;1.107;unweighted_microdata
2017;27;Калининградская область;terr_kaliningradskaya_oblast;Все;120;111;2.226086956521739;1.9469026548672566;0.27927927927927926;1.15;18.91891891891892;1.5238095238095237;75.83333333333333;6.666666666666667;;1.556;0.6700869565217391;0.3909026548672565;unweighted_microdata
2017;27;Калининградская область;terr_kaliningradskaya_oblast;Женщины;58;54;2.1964285714285716;1.9821428571428572;0.25925925925925924;1.2413793103448276;20.37037037037037;1.2727272727272727;74.13793103448276;8.620689655172415;;1.556;0.6404285714285716;0.42614285714285716;unweighted_microdata
2017;27;Калининградская область;terr_kaliningradskaya_oblast;Мужчины;62;57;2.2542372881355934;1.912280701754386;0.2982456140350877;1.064516129032258;17.543859649122805;1.8;77.41935483870968;4.838709677419355;;1.556;0.6982372881355934;0.35628070175438586;unweighted_microdata
2017;28;Тверская область;terr_tverskaya_oblast;Все;180;168;2.177142857142857;1.8994082840236686;0.25595238095238093;1.4444444444444444;20.833333333333336;1.2571428571428571;66.66666666666666;9.444444444444445;;1.558;0.619142857142857;0.3414082840236685;unweighted_microdata
2017;28;Тверская область;terr_tverskaya_oblast;Женщины;93;87;2.168539325842697;1.9318181818181819;0.25287356321839083;1.4408602150537635;21.839080459770116;1.1578947368421053;76.34408602150538;7.526881720430108;;1.558;0.6105393258426968;0.3738181818181818;unweighted_microdata
2017;28;Тверская область;terr_tverskaya_oblast;Мужчины;87;81;2.186046511627907;1.8641975308641976;0.25925925925925924;1.4482758620689655;19.753086419753085;1.375;56.32183908045977;11.494252873563218;;1.558;0.6280465116279068;0.30619753086419754;unweighted_microdata
2017;29;Калужская область;terr_kaluzhskaya_oblast;Все;120;109;1.9035087719298245;1.5818181818181818;0.3119266055045872;1.0333333333333334;22.93577981651376;1.4;45.0;2.5;;1.572;0.3315087719298244;0.009818181818181726;unweighted_microdata
2017;29;Калужская область;terr_kaluzhskaya_oblast;Женщины;53;52;2.0377358490566038;1.7307692307692308;0.3269230769230769;1.0754716981132075;23.076923076923077;1.5;49.056603773584904;3.7735849056603774;;1.572;0.4657358490566037;0.15876923076923077;unweighted_microdata
2017;29;Калужская область;terr_kaluzhskaya_oblast;Мужчины;67;57;1.7868852459016393;1.4482758620689655;0.2982456140350877;1.0;22.807017543859647;1.3076923076923077;41.7910447761194;1.4925373134328357;;1.572;0.21488524590163927;-0.12372413793103454;unweighted_microdata
2017;30;Камчатский край;terr_kamchatskiy_kray;Все;60;54;2.357142857142857;2.1272727272727274;0.18518518518518517;1.3;16.666666666666664;1.2222222222222223;60.0;5.0;;1.784;0.5731428571428572;0.3432727272727274;unweighted_microdata
2017;30;Камчатский край;terr_kamchatskiy_kray;Женщины;24;23;2.217391304347826;2.125;0.08695652173913043;1.5;8.695652173913043;1.0;62.5;8.333333333333332;;1.784;0.43339130434782613;0.34099999999999997;unweighted_microdata
2017;30;Камчатский край;terr_kamchatskiy_kray;Мужчины;36;31;2.4545454545454546;2.129032258064516;0.25806451612903225;1.1666666666666667;22.58064516129032;1.2857142857142858;58.333333333333336;2.7777777777777777;;1.784;0.6705454545454546;0.345032258064516;unweighted_microdata
2017;32;Кемеровская область;terr_kemerovskaya_oblast_kuzbass;Все;255;226;2.204255319148936;1.9741379310344827;0.20353982300884957;1.2;16.8141592920354;1.263157894736842;67.05882352941175;3.9215686274509802;;1.527;0.6772553191489361;0.44713793103448274;unweighted_microdata
2017;32;Кемеровская область;terr_kemerovskaya_oblast_kuzbass;Женщины;121;109;2.254385964912281;2.0535714285714284;0.1926605504587156;1.2975206611570247;16.51376146788991;1.1666666666666667;71.07438016528926;4.132231404958678;;1.527;0.7273859649122809;0.5265714285714285;unweighted_microdata
2017;32;Кемеровская область;terr_kemerovskaya_oblast_kuzbass;Мужчины;134;117;2.15702479338843;1.9;0.21367521367521367;1.1119402985074627;17.094017094017094;1.35;63.43283582089553;3.731343283582089;;1.527;0.63002479338843;0.373;unweighted_microdata
2017;33;Кировская область;terr_kirovskaya_oblast;Все;165;139;2.287581699346405;1.9652777777777777;0.33093525179856115;1.290909090909091;24.46043165467626;1.3529411764705883;73.93939393939394;6.666666666666667;;1.767;0.5205816993464052;0.19827777777777778;unweighted_microdata
2017;33;Кировская область;terr_kirovskaya_oblast;Женщины;68;59;2.3333333333333335;2.05;0.2542372881355932;1.3529411764705883;22.033898305084744;1.1538461538461537;77.94117647058823;5.88235294117647;;1.767;0.5663333333333336;0.2829999999999999;unweighted_microdata
2017;33;Кировская область;terr_kirovskaya_oblast;Мужчины;97;80;2.2555555555555555;1.9047619047619047;0.3875;1.2474226804123711;26.25;1.4761904761904763;71.1340206185567;7.216494845360824;;1.767;0.48855555555555563;0.13776190476190475;unweighted_microdata
2017;34;Костромская область;terr_kostromskaya_oblast;Все;107;95;1.9514563106796117;1.8020833333333333;0.1368421052631579;1.233644859813084;13.684210526315791;1.0769230769230769;39.25233644859813;1.8691588785046727;;1.796;0.15545631067961163;0.0060833333333332185;unweighted_microdata
2017;34;Костромская область;terr_kostromskaya_oblast;Женщины;52;45;1.8571428571428572;1.673913043478261;0.17777777777777778;1.2884615384615385;15.555555555555555;1.1428571428571428;28.846153846153843;1.9230769230769231;;1.796;0.061142857142857165;-0.12208695652173907;unweighted_microdata
2017;34;Костромская область;terr_kostromskaya_oblast;Мужчины;55;50;2.037037037037037;1.92;0.1;1.1818181818181819;12.0;1.0;49.09090909090909;1.8181818181818181;;1.796;0.24103703703703716;0.12399999999999989;unweighted_microdata
2017;35;Республика Крым;terr_respublika_krym;Все;194;163;2.103448275862069;1.9171597633136095;0.15337423312883436;1.1855670103092784;14.11042944785276;1.173913043478261;76.28865979381443;7.216494845360824;;1.614;0.48944827586206885;0.3031597633136094;unweighted_microdata
2017;35;Республика Крым;terr_respublika_krym;Женщины;86;72;2.155844155844156;2.027027027027027;0.1388888888888889;1.3604651162790697;13.88888888888889;1.1;82.55813953488372;5.813953488372093;;1.614;0.5418441558441558;0.4130270270270271;unweighted_microdata
2017;35;Республика Крым;terr_respublika_krym;Мужчины;108;91;2.0618556701030926;1.831578947368421;0.16483516483516483;1.0462962962962963;14.285714285714285;1.2307692307692308;71.29629629629629;8.333333333333332;;1.614;0.44785567010309246;0.21757894736842087;unweighted_microdata
2017;36;Самарская область;terr_samarskaya_oblast;Все;270;227;2.0238095238095237;1.8138528138528138;0.1894273127753304;0.9740740740740741;17.62114537444934;1.15;59.25925925925925;4.444444444444445;;1.516;0.5078095238095237;0.2978528138528138;unweighted_microdata
2017;36;Самарская область;terr_samarskaya_oblast;Женщины;136;120;2.015267175572519;1.743801652892562;0.25833333333333336;0.9705882352941176;21.666666666666668;1.1923076923076923;61.029411764705884;2.941176470588235;;1.516;0.4992671755725189;0.22780165289256193;unweighted_microdata
2017;36;Самарская область;terr_samarskaya_oblast;Мужчины;134;107;2.0330578512396693;1.8909090909090909;0.11214953271028037;0.9776119402985075;13.084112149532709;1.0714285714285714;57.46268656716418;5.970149253731343;;1.516;0.5170578512396693;0.37490909090909086;unweighted_microdata
2017;37;Курганская область;terr_kurganskaya_oblast;Все;150;143;2.3835616438356166;2.1468531468531467;0.21678321678321677;1.42;17.482517482517483;1.28;77.33333333333333;11.333333333333332;;1.974;0.40956164383561666;0.17285314685314668;unweighted_microdata
2017;37;Курганская область;terr_kurganskaya_oblast;Женщины;66;64;2.3846153846153846;2.140625;0.21875;1.4090909090909092;18.75;1.1666666666666667;84.84848484848484;12.121212121212121;;1.974;0.4106153846153846;0.16662500000000002;unweighted_microdata
2017;37;Курганская область;terr_kurganskaya_oblast;Мужчины;84;79;2.382716049382716;2.151898734177215;0.21518987341772153;1.4285714285714286;16.455696202531644;1.3846153846153846;71.42857142857143;10.714285714285714;;1.974;0.408716049382716;0.17789873417721513;unweighted_microdata
2017;38;Курская область;terr_kurskaya_oblast;Все;135;127;1.9924812030075187;1.7874015748031495;0.2283464566929134;1.1111111111111112;19.68503937007874;1.24;59.25925925925925;2.2222222222222223;;1.46;0.5324812030075188;0.3274015748031496;unweighted_microdata
2017;38;Курская область;terr_kurskaya_oblast;Женщины;58;55;2.1403508771929824;1.8909090909090909;0.2727272727272727;1.293103448275862;23.636363636363637;1.1538461538461537;60.3448275862069;1.7241379310344827;;1.46;0.6803508771929825;0.4309090909090909;unweighted_microdata
2017;38;Курская область;terr_kurskaya_oblast;Мужчины;77;72;1.881578947368421;1.7083333333333333;0.19444444444444445;0.974025974025974;16.666666666666664;1.3333333333333333;58.44155844155844;2.5974025974025974;;1.46;0.42157894736842105;0.2483333333333333;unweighted_microdata
2017;40;г. Санкт-Петербург;terr_sankt_peterburg;Все;421;358;1.958656330749354;1.6493150684931508;0.2988826815642458;0.8622327790973872;23.18435754189944;1.3373493975903614;59.14489311163895;6.175771971496437;;1.473;0.485656330749354;0.1763150684931507;unweighted_microdata
2017;40;г. Санкт-Петербург;terr_sankt_peterburg;Женщины;221;186;1.9901477832512315;1.6927083333333333;0.27956989247311825;0.8914027149321267;23.118279569892472;1.2790697674418605;61.085972850678736;4.97737556561086;;1.473;0.5171477832512315;0.21970833333333317;unweighted_microdata
2017;40;г. Санкт-Петербург;terr_sankt_peterburg;Мужчины;200;172;1.923913043478261;1.6011560693641618;0.31976744186046513;0.83;23.25581395348837;1.4;56.99999999999999;7.5;;1.473;0.4509130434782609;0.12815606936416168;unweighted_microdata
2017;41;Ленинградская область;terr_leningradskaya_oblast;Все;196;170;1.8961748633879782;1.699421965317919;0.18823529411764706;1.0561224489795917;17.647058823529413;1.1666666666666667;59.183673469387756;4.081632653061225;;1.13;0.7661748633879784;0.5694219653179191;unweighted_microdata
2017;41;Ленинградская область;terr_leningradskaya_oblast;Женщины;95;82;1.8426966292134832;1.6024096385542168;0.1951219512195122;1.0736842105263158;19.51219512195122;1.1875;61.05263157894737;4.2105263157894735;;1.13;0.7126966292134833;0.4724096385542169;unweighted_microdata
2017;41;Ленинградская область;terr_leningradskaya_oblast;Мужчины;101;88;1.946808510638298;1.788888888888889;0.18181818181818182;1.0396039603960396;15.909090909090908;1.1428571428571428;57.42574257425742;3.9603960396039604;;1.13;0.8168085106382981;0.6588888888888891;unweighted_microdata
2017;42;Липецкая область;terr_lipetskaya_oblast;Все;135;131;2.0526315789473686;1.8091603053435115;0.25190839694656486;1.0666666666666667;19.083969465648856;1.4;52.59259259259259;6.666666666666667;;1.494;0.5586315789473686;0.31516030534351147;unweighted_microdata
2017;42;Липецкая область;terr_lipetskaya_oblast;Женщины;64;63;1.9523809523809523;1.7777777777777777;0.1746031746031746;1.0;12.698412698412698;1.375;57.8125;12.5;;1.494;0.45838095238095233;0.2837777777777777;unweighted_microdata
2017;42;Липецкая область;terr_lipetskaya_oblast;Мужчины;71;68;2.142857142857143;1.838235294117647;0.3235294117647059;1.1267605633802817;25.0;1.411764705882353;47.88732394366197;1.4084507042253522;;1.494;0.6488571428571428;0.344235294117647;unweighted_microdata
2017;45;Москва;terr_moskva;Все;719;458;1.8504347826086958;1.5636363636363637;0.17903930131004367;0.6717663421418637;18.12227074235808;1.2409638554216869;38.80389429763561;5.006954102920723;;1.363;0.48743478260869577;0.20063636363636372;unweighted_microdata
2017;45;Москва;terr_moskva;Женщины;374;238;1.8377483443708609;1.5269230769230768;0.18067226890756302;0.5748663101604278;19.327731092436977;1.1521739130434783;42.513368983957214;4.81283422459893;;1.363;0.4747483443708609;0.16392307692307684;unweighted_microdata
2017;45;Москва;terr_moskva;Мужчины;345;220;1.8644688644688645;1.6042553191489362;0.17727272727272728;0.7768115942028986;16.818181818181817;1.3513513513513513;34.78260869565217;5.217391304347826;;1.363;0.5014688644688645;0.24125531914893616;unweighted_microdata
2017;46;Московская область;terr_moskovskaya_oblast;Все;450;374;1.9698492462311559;1.7362924281984333;0.19518716577540107;0.9955555555555555;17.11229946524064;1.1875;49.55555555555556;4.444444444444445;;1.481;0.4888492462311558;0.25529242819843323;unweighted_microdata
2017;46;Московская область;terr_moskovskaya_oblast;Женщины;224;185;1.99009900990099;1.7291666666666667;0.21621621621621623;0.96875;19.45945945945946;1.1944444444444444;47.32142857142857;5.357142857142857;;1.481;0.50909900990099;0.24816666666666665;unweighted_microdata
2017;46;Московская область;terr_moskovskaya_oblast;Мужчины;226;189;1.9489795918367347;1.743455497382199;0.1746031746031746;1.0221238938053097;14.814814814814813;1.1785714285714286;51.76991150442478;3.5398230088495577;;1.481;0.46797959183673465;0.26245549738219887;unweighted_microdata
2017;47;Мурманская область;terr_murmanskaya_oblast;Все;120;107;2.051282051282051;1.7962962962962963;0.27102803738317754;1.0666666666666667;26.168224299065418;1.1785714285714286;53.333333333333336;4.166666666666666;;1.609;0.4422820512820511;0.1872962962962963;unweighted_microdata
2017;47;Мурманская область;terr_murmanskaya_oblast;Женщины;53;52;2.0377358490566038;1.7692307692307692;0.2692307692307692;1.2452830188679245;26.923076923076923;1.1428571428571428;62.264150943396224;1.8867924528301887;;1.609;0.4287358490566038;0.16023076923076918;unweighted_microdata
2017;47;Мурманская область;terr_murmanskaya_oblast;Мужчины;67;55;2.0625;1.8214285714285714;0.2727272727272727;0.9253731343283582;25.454545454545453;1.2142857142857142;46.26865671641791;5.970149253731343;;1.609;0.4535;0.2124285714285714;unweighted_microdata
2017;49;Новгородская область;terr_novgorodskaya_oblast;Все;105;93;2.1414141414141414;1.7311827956989247;0.3870967741935484;1.1428571428571428;33.33333333333333;1.1612903225806452;51.42857142857142;4.761904761904762;;1.604;0.5374141414141413;0.12718279569892466;unweighted_microdata
2017;49;Новгородская область;terr_novgorodskaya_oblast;Женщины;40;34;2.1315789473684212;1.588235294117647;0.47058823529411764;1.25;41.17647058823529;1.1428571428571428;57.49999999999999;7.5;;1.604;0.5275789473684211;-0.015764705882353125;unweighted_microdata
2017;49;Новгородская область;terr_novgorodskaya_oblast;Мужчины;65;59;2.1475409836065573;1.8135593220338984;0.3389830508474576;1.0769230769230769;28.8135593220339;1.1764705882352942;47.69230769230769;3.076923076923077;;1.604;0.5435409836065572;0.20955932203389827;unweighted_microdata
2017;50;Новосибирская область;terr_novosibirskaya_oblast;Все;256;233;2.4056224899598395;2.0466101694915255;0.3605150214592275;1.4375;29.613733905579398;1.2463768115942029;69.921875;7.421875;;1.627;0.7786224899598395;0.4196101694915255;unweighted_microdata
2017;50;Новосибирская область;terr_novosibirskaya_oblast;Женщины;123;112;2.4836065573770494;2.2232142857142856;0.26785714285714285;1.4552845528455285;25.0;1.1428571428571428;73.17073170731707;6.504065040650407;;1.627;0.8566065573770494;0.5962142857142856;unweighted_microdata
2017;50;Новосибирская область;terr_novosibirskaya_oblast;Мужчины;133;121;2.3307086614173227;1.8870967741935485;0.4462809917355372;1.4210526315789473;33.88429752066116;1.3170731707317074;66.9172932330827;8.270676691729323;;1.627;0.7037086614173227;0.2600967741935485;unweighted_microdata
2017;52;Омская область;terr_omskaya_oblast;Все;180;165;2.3295454545454546;2.029940119760479;0.296969696969697;1.4666666666666666;24.242424242424242;1.25;72.22222222222221;6.666666666666667;;1.665;0.6645454545454546;0.36494011976047913;unweighted_microdata
2017;52;Омская область;terr_omskaya_oblast;Женщины;79;74;2.2948717948717947;2.0405405405405403;0.2702702702702703;1.3417721518987342;22.972972972972975;1.1764705882352942;75.9493670886076;8.860759493670885;;1.665;0.6298717948717947;0.3755405405405403;unweighted_microdata
2017;52;Омская область;terr_omskaya_oblast;Мужчины;101;91;2.357142857142857;2.021505376344086;0.31868131868131866;1.5643564356435644;25.274725274725274;1.3043478260869565;69.3069306930693;4.9504950495049505;;1.665;0.6921428571428572;0.35650537634408597;unweighted_microdata
2017;53;Оренбургская область;terr_orenburgskaya_oblast;Все;195;192;2.1907216494845363;1.9791666666666667;0.20833333333333334;1.2717948717948717;17.1875;1.2727272727272727;63.07692307692307;4.615384615384616;;1.762;0.4287216494845363;0.21716666666666673;unweighted_microdata
2017;53;Оренбургская область;terr_orenburgskaya_oblast;Женщины;79;78;2.1772151898734178;2.0641025641025643;0.11538461538461539;1.2911392405063291;14.102564102564102;1.0;73.41772151898735;7.59493670886076;;1.762;0.41521518987341777;0.3021025641025643;unweighted_microdata
2017;53;Оренбургская область;terr_orenburgskaya_oblast;Мужчины;116;114;2.2;1.9210526315789473;0.2719298245614035;1.2586206896551724;19.298245614035086;1.4090909090909092;56.03448275862068;2.586206896551724;;1.762;0.43800000000000017;0.15905263157894733;unweighted_microdata
2017;54;Орловская область;terr_orlovskaya_oblast;Все;105;103;2.1067961165048543;1.7788461538461537;0.3300970873786408;1.2380952380952381;27.184466019417474;1.2142857142857142;54.285714285714285;1.9047619047619049;;1.423;0.6837961165048543;0.3558461538461537;unweighted_microdata
2017;54;Орловская область;terr_orlovskaya_oblast;Женщины;40;40;2.0;1.775;0.225;1.25;17.5;1.2857142857142858;57.49999999999999;2.5;;1.423;0.577;0.35199999999999987;unweighted_microdata
2017;54;Орловская область;terr_orlovskaya_oblast;Мужчины;65;63;2.1746031746031744;1.78125;0.3968253968253968;1.2307692307692308;33.33333333333333;1.1904761904761905;52.307692307692314;1.5384615384615385;;1.423;0.7516031746031744;0.35824999999999996;unweighted_microdata
2017;56;Пензенская область;terr_penzenskaya_oblast;Все;165;156;2.10062893081761;1.8625;0.26282051282051283;1.2484848484848485;19.871794871794872;1.3870967741935485;50.303030303030305;0.6060606060606061;;1.359;0.74162893081761;0.5035000000000001;unweighted_microdata
2017;56;Пензенская область;terr_penzenskaya_oblast;Женщины;67;63;2.046153846153846;1.8;0.30158730158730157;1.2835820895522387;26.984126984126984;1.1764705882352942;61.19402985074627;1.4925373134328357;;1.359;0.687153846153846;0.44100000000000006;unweighted_microdata
2017;56;Пензенская область;terr_penzenskaya_oblast;Мужчины;98;93;2.1382978723404253;1.9052631578947368;0.23655913978494625;1.2244897959183674;15.053763440860216;1.6428571428571428;42.857142857142854;0.0;;1.359;0.7792978723404254;0.5462631578947368;unweighted_microdata
2017;57;Пермский край;terr_permskiy_kray;Все;240;231;2.34468085106383;2.0517241379310347;0.2683982683982684;1.2708333333333333;18.181818181818183;1.5476190476190477;67.08333333333333;8.333333333333332;;1.763;0.58168085106383;0.2887241379310348;unweighted_microdata
2017;57;Пермский край;terr_permskiy_kray;Женщины;114;113;2.3684210526315788;2.0353982300884956;0.3274336283185841;1.3245614035087718;23.008849557522122;1.5384615384615385;73.68421052631578;8.771929824561402;;1.763;0.6054210526315789;0.27239823008849573;unweighted_microdata
2017;57;Пермский край;terr_permskiy_kray;Мужчины;126;118;2.322314049586777;2.0672268907563027;0.211864406779661;1.2222222222222223;13.559322033898304;1.5625;61.111111111111114;7.936507936507936;;1.763;0.559314049586777;0.3042268907563028;unweighted_microdata
2017;58;Псковская область;terr_pskovskaya_oblast;Все;105;98;1.9901960784313726;1.6565656565656566;0.3163265306122449;1.0666666666666667;31.63265306122449;1.064516129032258;64.76190476190476;10.476190476190476;;1.555;0.43519607843137265;0.10156565656565664;unweighted_microdata
2017;58;Псковская область;terr_pskovskaya_oblast;Женщины;45;41;2.1777777777777776;1.853658536585366;0.34146341463414637;1.0444444444444445;36.58536585365854;1.0666666666666667;80.0;13.333333333333334;;1.555;0.6227777777777777;0.298658536585366;unweighted_microdata
2017;58;Псковская область;terr_pskovskaya_oblast;Мужчины;60;57;1.8421052631578947;1.5172413793103448;0.2982456140350877;1.0833333333333333;28.07017543859649;1.0625;53.333333333333336;8.333333333333332;;1.555;0.28710526315789475;-0.03775862068965519;unweighted_microdata
2017;60;Ростовская область;terr_rostovskaya_oblast;Все;407;349;2.096514745308311;1.884507042253521;0.2148997134670487;1.2457002457002457;18.05157593123209;1.253968253968254;52.579852579852584;5.159705159705159;;1.44;0.6565147453083111;0.4445070422535211;unweighted_microdata
2017;60;Ростовская область;terr_rostovskaya_oblast;Женщины;180;158;2.094674556213018;1.8354430379746836;0.25949367088607594;1.1666666666666667;22.78481012658228;1.2222222222222223;56.666666666666664;5.0;;1.44;0.6546745562130178;0.3954430379746836;unweighted_microdata
2017;60;Ростовская область;terr_rostovskaya_oblast;Мужчины;227;191;2.0980392156862746;1.9238578680203047;0.17801047120418848;1.3083700440528634;14.136125654450263;1.2962962962962963;49.33920704845815;5.286343612334802;;1.44;0.6580392156862747;0.4838578680203047;unweighted_microdata
2017;61;Рязанская область;terr_ryazanskaya_oblast;Все;150;144;2.2364864864864864;1.8630136986301369;0.3263888888888889;1.1933333333333334;25.694444444444443;1.2972972972972974;75.33333333333333;7.333333333333333;;1.497;0.7394864864864863;0.3660136986301368;unweighted_microdata
2017;61;Рязанская область;terr_ryazanskaya_oblast;Женщины;52;51;2.3137254901960786;2.019230769230769;0.3137254901960784;1.25;25.49019607843137;1.3076923076923077;84.61538461538461;7.6923076923076925;;1.497;0.8167254901960785;0.522230769230769;unweighted_microdata
2017;61;Рязанская область;terr_ryazanskaya_oblast;Мужчины;98;93;2.195876288659794;1.7765957446808511;0.3333333333333333;1.163265306122449;25.806451612903224;1.2916666666666667;70.40816326530613;7.142857142857142;;1.497;0.6988762886597939;0.279595744680851;unweighted_microdata
2017;63;Саратовская область;terr_saratovskaya_oblast;Все;225;164;2.0051546391752577;1.6954022988505748;0.27439024390243905;1.0133333333333334;19.51219512195122;1.46875;57.77777777777777;3.111111111111111;;1.356;0.6491546391752576;0.3394022988505747;unweighted_microdata
2017;63;Саратовская область;terr_saratovskaya_oblast;Женщины;95;70;1.8837209302325582;1.6081081081081081;0.24285714285714285;0.9368421052631579;18.571428571428573;1.3846153846153846;65.26315789473685;3.1578947368421053;;1.356;0.5277209302325581;0.252108108108108;unweighted_microdata
2017;63;Саратовская область;terr_saratovskaya_oblast;Мужчины;130;94;2.1018518518518516;1.76;0.2978723404255319;1.0692307692307692;20.212765957446805;1.5263157894736843;52.307692307692314;3.076923076923077;;1.356;0.7458518518518515;0.4039999999999999;unweighted_microdata
2017;64;Сахалинская область;terr_sahalinskaya_oblast;Все;90;78;1.872093023255814;1.5569620253164558;0.28205128205128205;1.0555555555555556;23.076923076923077;1.2777777777777777;56.666666666666664;2.2222222222222223;;1.962;-0.08990697674418602;-0.4050379746835442;unweighted_microdata
2017;64;Сахалинская область;terr_sahalinskaya_oblast;Женщины;48;45;1.9791666666666667;1.8222222222222222;0.17777777777777778;1.2083333333333333;17.77777777777778;1.125;68.75;2.083333333333333;;1.962;0.017166666666666774;-0.13977777777777778;unweighted_microdata
2017;64;Сахалинская область;terr_sahalinskaya_oblast;Мужчины;42;33;1.736842105263158;1.2058823529411764;0.42424242424242425;0.8809523809523809;30.303030303030305;1.4;42.857142857142854;2.380952380952381;;1.962;-0.225157894736842;-0.7561176470588236;unweighted_microdata
2017;65;Свердловская область;terr_sverdlovskaya_oblast;Все;465;427;2.2745535714285716;1.9838337182448036;0.2810304449648712;1.243010752688172;25.292740046838407;1.2222222222222223;65.80645161290323;4.516129032258064;;1.757;0.5175535714285717;0.2268337182448037;unweighted_microdata
2017;65;Свердловская область;terr_sverdlovskaya_oblast;Женщины;201;188;2.323232323232323;1.9894736842105263;0.30319148936170215;1.2487562189054726;28.723404255319153;1.1481481481481481;69.15422885572139;3.9800995024875623;;1.757;0.5662323232323232;0.2324736842105264;unweighted_microdata
2017;65;Свердловская область;terr_sverdlovskaya_oblast;Мужчины;264;239;2.236;1.9794238683127572;0.26359832635983266;1.2386363636363635;22.594142259414227;1.2962962962962963;63.25757575757576;4.924242424242424;;1.757;0.4790000000000003;0.2224238683127573;unweighted_microdata
2017;66;Смоленская область;terr_smolenskaya_oblast;Все;135;115;2.088709677419355;1.829059829059829;0.23478260869565218;1.1851851851851851;19.130434782608695;1.2727272727272727;63.70370370370371;5.185185185185185;;1.387;0.701709677419355;0.442059829059829;unweighted_microdata
2017;66;Смоленская область;terr_smolenskaya_oblast;Женщины;60;53;1.9821428571428572;1.7407407407407407;0.20754716981132076;1.15;20.754716981132077;1.0909090909090908;68.33333333333333;3.3333333333333335;;1.387;0.5951428571428572;0.3537407407407407;unweighted_microdata
2017;66;Смоленская область;terr_smolenskaya_oblast;Мужчины;75;62;2.176470588235294;1.9047619047619047;0.25806451612903225;1.2133333333333334;17.741935483870968;1.4545454545454546;60.0;6.666666666666667;;1.387;0.7894705882352939;0.5177619047619046;unweighted_microdata
2017;67;г. Севастополь;terr_sevastopol;Все;90;71;2.116883116883117;1.9589041095890412;0.09859154929577464;0.9444444444444444;9.859154929577464;1.0;74.44444444444444;2.2222222222222223;;1.38;0.7368831168831171;0.5789041095890413;unweighted_microdata
2017;67;г. Севастополь;terr_sevastopol;Женщины;38;33;2.2058823529411766;2.0606060606060606;0.15151515151515152;1.105263157894737;15.151515151515152;1.0;86.8421052631579;2.631578947368421;;1.38;0.8258823529411767;0.6806060606060607;unweighted_microdata
2017;67;г. Севастополь;terr_sevastopol;Мужчины;52;38;2.046511627906977;1.875;0.05263157894736842;0.8269230769230769;5.263157894736842;1.0;65.38461538461539;1.9230769230769231;;1.38;0.6665116279069769;0.4950000000000001;unweighted_microdata
2017;68;Тамбовская область;terr_tambovskaya_oblast;Все;135;129;1.992537313432836;1.821705426356589;0.18604651162790697;1.1555555555555554;18.6046511627907;1.125;63.70370370370371;3.7037037037037033;;1.355;0.6375373134328359;0.46670542635658907;unweighted_microdata
2017;68;Тамбовская область;terr_tambovskaya_oblast;Женщины;63;61;2.0793650793650795;1.901639344262295;0.19672131147540983;1.1904761904761905;21.311475409836063;1.1538461538461537;71.42857142857143;3.1746031746031744;;1.355;0.7243650793650795;0.546639344262295;unweighted_microdata
2017;68;Тамбовская область;terr_tambovskaya_oblast;Мужчины;72;68;1.9154929577464788;1.75;0.17647058823529413;1.125;16.176470588235293;1.0909090909090908;56.94444444444444;4.166666666666666;;1.355;0.5604929577464788;0.395;unweighted_microdata
2017;69;Томская область;terr_tomskaya_oblast;Все;120;114;1.982608695652174;1.8803418803418803;0.08771929824561403;1.2083333333333333;8.771929824561402;1.1;65.0;10.833333333333334;;1.498;0.484608695652174;0.3823418803418803;unweighted_microdata
2017;69;Томская область;terr_tomskaya_oblast;Женщины;60;58;1.9830508474576272;1.8620689655172413;0.1206896551724138;1.1166666666666667;13.793103448275861;1.0;65.0;13.333333333333334;;1.498;0.48505084745762717;0.3640689655172413;unweighted_microdata
2017;69;Томская область;terr_tomskaya_oblast;Мужчины;60;56;1.9821428571428572;1.8983050847457628;0.05357142857142857;1.3;3.571428571428571;1.5;65.0;8.333333333333332;;1.498;0.4841428571428572;0.40030508474576276;unweighted_microdata
2017;70;Тульская область;terr_tulskaya_oblast;Все;180;166;1.9659090909090908;1.7664670658682635;0.18072289156626506;1.0833333333333333;18.072289156626507;1.0333333333333334;59.44444444444444;1.6666666666666667;;1.361;0.6049090909090908;0.40546706586826353;unweighted_microdata
2017;70;Тульская область;terr_tulskaya_oblast;Женщины;75;68;2.054054054054054;1.8405797101449275;0.22058823529411764;1.28;22.058823529411764;1.0;65.33333333333333;2.666666666666667;;1.361;0.693054054054054;0.4795797101449275;unweighted_microdata
2017;70;Тульская область;terr_tulskaya_oblast;Мужчины;105;98;1.9019607843137254;1.7142857142857142;0.15306122448979592;0.9428571428571428;15.306122448979592;1.0666666666666667;55.23809523809524;0.9523809523809524;;1.361;0.5409607843137254;0.3532857142857142;unweighted_microdata
2017;71;Тюменская область;terr_tyumenskaya_oblast_krome_hanty_mansiyskogo_avtonom_340b5449;Все;165;152;2.207547169811321;1.9736842105263157;0.2236842105263158;1.206060606060606;18.421052631578945;1.3571428571428572;67.27272727272727;9.090909090909092;;1.84;0.36754716981132085;0.13368421052631563;unweighted_microdata
2017;71;Тюменская область;terr_tyumenskaya_oblast_krome_hanty_mansiyskogo_avtonom_340b5449;Женщины;72;66;2.1857142857142855;2.0454545454545454;0.13636363636363635;1.1944444444444444;15.151515151515152;1.1;62.5;6.944444444444445;;1.84;0.3457142857142854;0.20545454545454533;unweighted_microdata
2017;71;Тюменская область;terr_tyumenskaya_oblast_krome_hanty_mansiyskogo_avtonom_340b5449;Мужчины;93;86;2.2247191011235956;1.9186046511627908;0.29069767441860467;1.2150537634408602;20.930232558139537;1.5;70.96774193548387;10.75268817204301;;1.84;0.38471910112359553;0.0786046511627907;unweighted_microdata
2017;72;Ханты-Мансийский автономный округ;terr_hanty_mansiyskiy_avtonomnyy_okrug_yugra_tyumenskaya_oblast;Все;180;163;2.036144578313253;1.9216867469879517;0.1411042944785276;1.3277777777777777;12.883435582822086;1.3333333333333333;50.0;5.555555555555555;;1.811;0.22514457831325307;0.11068674698795178;unweighted_microdata
2017;72;Ханты-Мансийский автономный округ;terr_hanty_mansiyskiy_avtonomnyy_okrug_yugra_tyumenskaya_oblast;Женщины;102;94;2.0208333333333335;1.925531914893617;0.10638297872340426;1.2745098039215685;11.702127659574469;1.1818181818181819;49.01960784313725;8.823529411764707;;1.811;0.20983333333333354;0.11453191489361703;unweighted_microdata
2017;72;Ханты-Мансийский автономный округ;terr_hanty_mansiyskiy_avtonomnyy_okrug_yugra_tyumenskaya_oblast;Мужчины;78;69;2.057142857142857;1.9166666666666667;0.18840579710144928;1.3974358974358974;14.492753623188406;1.5;51.28205128205128;1.282051282051282;;1.811;0.246142857142857;0.1056666666666668;unweighted_microdata
2017;73;Ульяновская область;terr_ulyanovskaya_oblast;Все;165;165;2.036363636363636;1.8242424242424242;0.21212121212121213;1.0424242424242425;19.393939393939394;1.1875;48.484848484848484;3.6363636363636362;;1.528;0.5083636363636361;0.2962424242424242;unweighted_microdata
2017;73;Ульяновская область;terr_ulyanovskaya_oblast;Женщины;68;68;2.1911764705882355;1.9411764705882353;0.25;1.1470588235294117;23.52941176470588;1.25;47.05882352941176;2.941176470588235;;1.528;0.6631764705882355;0.41317647058823526;unweighted_microdata
2017;73;Ульяновская область;terr_ulyanovskaya_oblast;Мужчины;97;97;1.9278350515463918;1.7422680412371134;0.18556701030927836;0.9690721649484536;16.49484536082474;1.125;49.48453608247423;4.123711340206185;;1.528;0.39983505154639176;0.2142680412371134;unweighted_microdata
2017;74;Ямало-Ненецкий автономный округ;terr_yamalo_nenetskiy_avtonomnyy_okrug_tyumenskaya_oblast;Все;90;73;2.4743589743589745;2.0675675675675675;0.3835616438356164;1.1222222222222222;24.65753424657534;1.6666666666666667;60.0;3.3333333333333335;;1.909;0.5653589743589744;0.1585675675675675;unweighted_microdata
2017;74;Ямало-Ненецкий автономный округ;terr_yamalo_nenetskiy_avtonomnyy_okrug_tyumenskaya_oblast;Женщины;43;37;2.3333333333333335;2.0;0.2702702702702703;1.2325581395348837;24.324324324324326;1.1111111111111112;55.81395348837209;2.3255813953488373;;1.909;0.42433333333333345;0.09099999999999997;unweighted_microdata
2017;74;Ямало-Ненецкий автономный округ;terr_yamalo_nenetskiy_avtonomnyy_okrug_tyumenskaya_oblast;Мужчины;47;36;2.6153846153846154;2.138888888888889;0.5;1.0212765957446808;25.0;2.2222222222222223;63.829787234042556;4.25531914893617;;1.909;0.7063846153846154;0.2298888888888888;unweighted_microdata
2017;75;Челябинская область;terr_chelyabinskaya_oblast;Все;390;368;2.2388451443569553;1.9086021505376345;0.3233695652173913;1.2717948717948717;23.369565217391305;1.4186046511627908;67.17948717948717;4.871794871794872;;1.612;0.6268451443569552;0.2966021505376344;unweighted_microdata
2017;75;Челябинская область;terr_chelyabinskaya_oblast;Женщины;197;187;2.2153846153846155;1.8253968253968254;0.37433155080213903;1.233502538071066;26.737967914438503;1.42;73.09644670050761;5.583756345177665;;1.612;0.6033846153846154;0.21339682539682525;unweighted_microdata
2017;75;Челябинская область;terr_chelyabinskaya_oblast;Мужчины;193;181;2.263440860215054;1.994535519125683;0.27071823204419887;1.310880829015544;19.88950276243094;1.4166666666666667;61.13989637305699;4.145077720207254;;1.612;0.6514408602150539;0.38253551912568295;unweighted_microdata
2017;76;Забайкальский край;terr_zabaykalskiy_kray;Все;120;116;2.361344537815126;2.1120689655172415;0.2413793103448276;1.4;20.689655172413794;1.4583333333333333;71.66666666666667;9.166666666666666;;1.889;0.4723445378151261;0.22306896551724154;unweighted_microdata
2017;76;Забайкальский край;terr_zabaykalskiy_kray;Женщины;53;51;2.358490566037736;2.1372549019607843;0.19607843137254902;1.5849056603773586;19.607843137254903;1.0;83.01886792452831;7.547169811320755;;1.889;0.469490566037736;0.24825490196078426;unweighted_microdata
2017;76;Забайкальский край;terr_zabaykalskiy_kray;Мужчины;67;65;2.3636363636363638;2.0923076923076924;0.27692307692307694;1.2537313432835822;21.53846153846154;1.7857142857142858;62.68656716417911;10.44776119402985;;1.889;0.47463636363636375;0.2033076923076924;unweighted_microdata
2017;78;Ярославская область;terr_yaroslavskaya_oblast;Все;180;173;2.182857142857143;1.937142857142857;0.2254335260115607;1.3888888888888888;21.965317919075144;1.0789473684210527;65.0;5.555555555555555;;1.546;0.6368571428571428;0.391142857142857;unweighted_microdata
2017;78;Ярославская область;terr_yaroslavskaya_oblast;Женщины;82;77;2.2151898734177213;1.9230769230769231;0.2597402597402597;1.451219512195122;24.675324675324674;1.105263157894737;74.39024390243902;7.317073170731707;;1.546;0.6691898734177213;0.3770769230769231;unweighted_microdata
2017;78;Ярославская область;terr_yaroslavskaya_oblast;Мужчины;98;96;2.15625;1.9484536082474226;0.19791666666666666;1.336734693877551;19.791666666666664;1.0526315789473684;57.14285714285714;4.081632653061225;;1.546;0.61025;0.4024536082474226;unweighted_microdata
2017;79;Республика Адыгея;terr_respublika_adygeya_adygeya;Все;90;90;2.1444444444444444;1.9111111111111112;0.23333333333333334;0.8333333333333334;15.555555555555555;1.7857142857142858;60.0;4.444444444444445;;1.415;0.7294444444444443;0.49611111111111117;unweighted_microdata
2017;79;Республика Адыгея;terr_respublika_adygeya_adygeya;Женщины;30;30;2.2333333333333334;2.2;0.03333333333333333;1.0;13.333333333333334;1.0;66.66666666666666;0.0;;1.415;0.8183333333333334;0.7850000000000001;unweighted_microdata
2017;79;Республика Адыгея;terr_respublika_adygeya_adygeya;Мужчины;60;60;2.1;1.7666666666666666;0.3333333333333333;0.75;16.666666666666664;2.1;56.666666666666664;6.666666666666667;;1.415;0.685;0.35166666666666657;unweighted_microdata
2017;80;Республика Башкортостан;terr_respublika_bashkortostan;Все;301;270;2.2280701754385963;1.933579335793358;0.3;1.2491694352159468;23.333333333333332;1.3015873015873016;61.79401993355482;5.3156146179401995;;1.672;0.5560701754385964;0.261579335793358;unweighted_microdata
2017;80;Республика Башкортостан;terr_respublika_bashkortostan;Женщины;116;107;2.25;1.9813084112149533;0.29906542056074764;1.2155172413793103;26.168224299065418;1.1428571428571428;69.82758620689656;7.758620689655173;;1.672;0.5780000000000001;0.30930841121495334;unweighted_microdata
2017;80;Республика Башкортостан;terr_respublika_bashkortostan;Мужчины;185;163;2.213872832369942;1.9024390243902438;0.3006134969325153;1.2702702702702702;21.472392638036812;1.4285714285714286;56.75675675675676;3.783783783783784;;1.672;0.5418728323699422;0.23043902439024389;unweighted_microdata
2017;81;Республика Бурятия;terr_respublika_buryatiya;Все;105;104;2.8;2.4903846153846154;0.3076923076923077;1.7523809523809524;23.076923076923077;1.4166666666666667;76.19047619047619;27.61904761904762;;2.028;0.7719999999999998;0.4623846153846154;unweighted_microdata
2017;81;Республика Бурятия;terr_respublika_buryatiya;Женщины;65;64;2.830769230769231;2.46875;0.359375;1.8615384615384616;28.125;1.2777777777777777;75.38461538461539;24.615384615384617;;2.028;0.8027692307692309;0.44075;unweighted_microdata
2017;81;Республика Бурятия;terr_respublika_buryatiya;Мужчины;40;40;2.75;2.525;0.225;1.575;15.0;1.8333333333333333;77.5;32.5;;2.028;0.722;0.4969999999999999;unweighted_microdata
2017;82;Республика Дагестан;terr_respublika_dagestan;Все;225;210;3.3603603603603602;2.981132075471698;0.38095238095238093;1.8355555555555556;29.523809523809526;1.403225806451613;86.66666666666667;8.0;;1.895;1.4653603603603602;1.0861320754716979;unweighted_microdata
2017;82;Республика Дагестан;terr_respublika_dagestan;Женщины;118;109;3.305084745762712;2.944954128440367;0.3486238532110092;1.694915254237288;26.605504587155966;1.4827586206896552;85.59322033898306;5.084745762711865;;1.895;1.410084745762712;1.0499541284403668;unweighted_microdata
2017;82;Республика Дагестан;terr_respublika_dagestan;Мужчины;107;101;3.423076923076923;3.0194174757281553;0.4158415841584158;1.9906542056074767;32.67326732673268;1.3333333333333333;87.85046728971963;11.214953271028037;;1.895;1.5280769230769229;1.1244174757281553;unweighted_microdata
2017;83;Кабардино-Балкарская Республика;terr_kabardino_balkarskaya_respublika;Все;106;95;2.4356435643564356;2.168421052631579;0.28421052631578947;1.2452830188679245;18.947368421052634;1.5;50.0;2.8301886792452833;;1.561;0.8746435643564356;0.6074210526315791;unweighted_microdata
2017;83;Кабардино-Балкарская Республика;terr_kabardino_balkarskaya_respublika;Женщины;51;45;2.4285714285714284;2.2222222222222223;0.2;1.196078431372549;13.333333333333334;1.5;60.78431372549019;3.9215686274509802;;1.561;0.8675714285714284;0.6612222222222224;unweighted_microdata
2017;83;Кабардино-Балкарская Республика;terr_kabardino_balkarskaya_respublika;Мужчины;55;50;2.4423076923076925;2.12;0.36;1.290909090909091;24.0;1.5;40.0;1.8181818181818181;;1.561;0.8813076923076926;0.5590000000000002;unweighted_microdata
2017;84;Республика Алтай;terr_respublika_altay;Все;60;56;2.864406779661017;2.607142857142857;0.26785714285714285;1.7833333333333334;19.642857142857142;1.3636363636363635;95.0;16.666666666666664;;2.418;0.4464067796610167;0.18914285714285706;unweighted_microdata
2017;84;Республика Алтай;terr_respublika_altay;Женщины;39;37;2.8157894736842106;2.6486486486486487;0.1891891891891892;1.6666666666666667;13.513513513513514;1.4;92.3076923076923;20.51282051282051;;2.418;0.39778947368421047;0.23064864864864854;unweighted_microdata
2017;84;Республика Алтай;terr_respublika_altay;Мужчины;21;19;2.9523809523809526;2.526315789473684;0.42105263157894735;2.0;31.57894736842105;1.3333333333333333;100.0;9.523809523809524;;2.418;0.5343809523809524;0.10831578947368392;unweighted_microdata
2017;86;Республика Карелия;terr_respublika_kareliya;Все;105;96;2.24;1.9381443298969072;0.3020833333333333;1.3333333333333333;20.833333333333336;1.5;68.57142857142857;10.476190476190476;;1.694;0.5460000000000003;0.24414432989690726;unweighted_microdata
2017;86;Республика Карелия;terr_respublika_kareliya;Женщины;53;47;2.306122448979592;1.9791666666666667;0.3404255319148936;1.509433962264151;21.27659574468085;1.6;73.58490566037736;7.547169811320755;;1.694;0.612122448979592;0.2851666666666668;unweighted_microdata
2017;86;Республика Карелия;terr_respublika_kareliya;Мужчины;52;49;2.176470588235294;1.8979591836734695;0.2653061224489796;1.1538461538461537;20.408163265306122;1.4;63.46153846153846;13.461538461538462;;1.694;0.482470588235294;0.20395918367346955;unweighted_microdata
2017;87;Республика Коми;terr_respublika_komi;Все;120;115;2.2844827586206895;2.0695652173913044;0.21739130434782608;1.2416666666666667;20.0;1.2608695652173914;60.83333333333333;9.166666666666666;;1.798;0.48648275862068946;0.27156521739130435;unweighted_microdata
2017;87;Республика Коми;terr_respublika_komi;Женщины;59;57;2.2982456140350878;2.175438596491228;0.12280701754385964;1.3559322033898304;15.789473684210526;1.0;62.71186440677966;6.779661016949152;;1.798;0.5002456140350877;0.37743859649122813;unweighted_microdata
2017;87;Республика Коми;terr_respublika_komi;Мужчины;61;58;2.2711864406779663;1.9655172413793103;0.3103448275862069;1.1311475409836065;24.137931034482758;1.4285714285714286;59.01639344262295;11.475409836065573;;1.798;0.4731864406779662;0.16751724137931023;unweighted_microdata
2017;88;Республика Марий Эл;terr_respublika_mariy_el;Все;105;82;2.389473684210526;2.0;0.3170731707317073;1.3047619047619048;23.170731707317074;1.368421052631579;73.33333333333333;14.285714285714285;;1.714;0.6754736842105262;0.28600000000000003;unweighted_microdata
2017;88;Республика Марий Эл;terr_respublika_mariy_el;Женщины;47;37;2.533333333333333;2.108108108108108;0.2702702702702703;1.3404255319148937;24.324324324324326;1.1111111111111112;87.2340425531915;14.893617021276595;;1.714;0.8193333333333332;0.3941081081081079;unweighted_microdata
2017;88;Республика Марий Эл;terr_respublika_mariy_el;Мужчины;58;45;2.26;1.9166666666666667;0.35555555555555557;1.2758620689655173;22.22222222222222;1.6;62.06896551724138;13.793103448275861;;1.714;0.5459999999999998;0.20266666666666677;unweighted_microdata
2017;89;Республика Мордовия;terr_respublika_mordoviya;Все;120;112;2.3185840707964602;2.0267857142857144;0.2857142857142857;1.3666666666666667;23.214285714285715;1.2692307692307692;81.66666666666667;8.333333333333332;;1.266;1.0525840707964602;0.7607857142857144;unweighted_microdata
2017;89;Республика Мордовия;terr_respublika_mordoviya;Женщины;54;51;2.1923076923076925;1.9607843137254901;0.21568627450980393;1.4259259259259258;17.647058823529413;1.2222222222222223;88.88888888888889;7.4074074074074066;;1.266;0.9263076923076925;0.6947843137254901;unweighted_microdata
2017;89;Республика Мордовия;terr_respublika_mordoviya;Мужчины;66;61;2.4262295081967213;2.081967213114754;0.3442622950819672;1.3181818181818181;27.86885245901639;1.2941176470588236;75.75757575757575;9.090909090909092;;1.266;1.1602295081967213;0.815967213114754;unweighted_microdata
2017;90;Республика Северная Осетия-Алания;terr_respublika_severnaya_osetiya_alaniya;Все;90;68;2.4430379746835444;2.2753623188405796;0.11764705882352941;1.0777777777777777;11.76470588235294;1.25;61.111111111111114;7.777777777777778;;1.722;0.7210379746835445;0.5533623188405796;unweighted_microdata
2017;90;Республика Северная Осетия-Алания;terr_respublika_severnaya_osetiya_alaniya;Женщины;52;38;2.382978723404255;2.1842105263157894;0.13157894736842105;1.1538461538461537;13.157894736842104;1.4;63.46153846153846;9.615384615384617;;1.722;0.6609787234042552;0.4622105263157894;unweighted_microdata
2017;90;Республика Северная Осетия-Алания;terr_respublika_severnaya_osetiya_alaniya;Мужчины;38;30;2.53125;2.3870967741935485;0.1;0.9736842105263158;10.0;1.0;57.89473684210527;5.263157894736842;;1.722;0.80925;0.6650967741935485;unweighted_microdata
2017;91;Карачаево-Черкесская Республика;terr_karachaevo_cherkesskaya_respublika;Все;75;68;3.0405405405405403;2.6323529411764706;0.38235294117647056;1.5066666666666666;22.058823529411764;1.8;74.66666666666667;12.0;;1.397;1.6435405405405403;1.2353529411764705;unweighted_microdata
2017;91;Карачаево-Черкесская Республика;terr_karachaevo_cherkesskaya_respublika;Женщины;32;29;2.967741935483871;2.689655172413793;0.27586206896551724;1.71875;20.689655172413794;1.3333333333333333;71.875;6.25;;1.397;1.570741935483871;1.2926551724137931;unweighted_microdata
2017;91;Карачаево-Черкесская Республика;terr_karachaevo_cherkesskaya_respublika;Мужчины;43;39;3.0930232558139537;2.58974358974359;0.46153846153846156;1.3488372093023255;23.076923076923077;2.111111111111111;76.74418604651163;16.27906976744186;;1.397;1.6960232558139536;1.1927435897435898;unweighted_microdata
2017;92;Республика Татарстан;terr_respublika_tatarstan_tatarstan;Все;285;274;2.1387900355871885;1.9197080291970803;0.21532846715328466;1.0982456140350878;18.613138686131386;1.2745098039215685;53.333333333333336;2.807017543859649;;1.628;0.5107900355871886;0.2917080291970804;unweighted_microdata
2017;92;Республика Татарстан;terr_respublika_tatarstan_tatarstan;Женщины;120;113;2.194915254237288;2.0353982300884956;0.1592920353982301;1.125;17.699115044247787;1.0;66.66666666666666;1.6666666666666667;;1.628;0.5669152542372882;0.40739823008849574;unweighted_microdata
2017;92;Республика Татарстан;terr_respublika_tatarstan_tatarstan;Мужчины;165;161;2.098159509202454;1.8385093167701863;0.2546583850931677;1.0787878787878789;19.25465838509317;1.4516129032258065;43.63636363636363;3.6363636363636362;;1.628;0.470159509202454;0.21050931677018636;unweighted_microdata
2017;93;Республика Тыва;terr_respublika_tyva;Все;60;54;2.810344827586207;2.8518518518518516;0.018518518518518517;1.5833333333333333;5.555555555555555;1.3333333333333333;78.33333333333333;15.0;;3.025;-0.21465517241379306;-0.17314814814814827;unweighted_microdata
2017;93;Республика Тыва;terr_respublika_tyva;Женщины;32;29;2.9;2.7241379310344827;0.10344827586206896;1.78125;10.344827586206897;1.3333333333333333;71.875;9.375;;3.025;-0.125;-0.30086206896551726;unweighted_microdata
2017;93;Республика Тыва;terr_respublika_tyva;Мужчины;28;25;2.7142857142857144;3.0;-0.08;1.3571428571428572;0.0;;85.71428571428571;21.428571428571427;;3.025;-0.3107142857142855;-0.02499999999999991;unweighted_microdata
2017;94;Удмуртская Республика;terr_udmurtskaya_respublika;Все;165;158;2.0987654320987654;1.8553459119496856;0.21518987341772153;1.2787878787878788;18.354430379746837;1.206896551724138;72.12121212121212;6.666666666666667;;1.751;0.34776543209876554;0.10434591194968568;unweighted_microdata
2017;94;Удмуртская Республика;terr_udmurtskaya_respublika;Женщины;76;74;1.9466666666666668;1.7432432432432432;0.21621621621621623;1.118421052631579;18.91891891891892;1.2142857142857142;72.36842105263158;5.263157894736842;;1.751;0.19566666666666688;-0.007756756756756689;unweighted_microdata
2017;94;Удмуртская Республика;terr_udmurtskaya_respublika;Мужчины;89;84;2.2298850574712645;1.9529411764705882;0.21428571428571427;1.4157303370786516;17.857142857142858;1.2;71.91011235955057;7.865168539325842;;1.751;0.47888505747126464;0.2019411764705883;unweighted_microdata
2017;95;Республика Хакасия;terr_respublika_hakasiya;Все;90;84;2.147727272727273;1.8928571428571428;0.2619047619047619;1.2;20.238095238095237;1.2941176470588236;67.77777777777779;6.666666666666667;;1.757;0.39072727272727303;0.1358571428571429;unweighted_microdata
2017;95;Республика Хакасия;terr_respublika_hakasiya;Женщины;44;40;2.0697674418604652;1.875;0.175;1.0909090909090908;15.0;1.1666666666666667;70.45454545454545;6.8181818181818175;;1.757;0.31276744186046535;0.1180000000000001;unweighted_microdata
2017;95;Республика Хакасия;terr_respublika_hakasiya;Мужчины;46;44;2.2222222222222223;1.9090909090909092;0.3409090909090909;1.3043478260869565;25.0;1.3636363636363635;65.21739130434783;6.521739130434782;;1.757;0.4652222222222224;0.15209090909090928;unweighted_microdata
2017;96;Чеченская Республика;terr_chechenskaya_respublika;Все;105;61;3.5714285714285716;3.4393939393939394;0.04918032786885246;1.5047619047619047;9.836065573770492;1.5;66.66666666666666;2.857142857142857;;2.753;0.8184285714285715;0.6863939393939393;unweighted_microdata
2017;96;Чеченская Республика;terr_chechenskaya_respublika;Женщины;46;30;3.45;3.2903225806451615;0.03333333333333333;1.391304347826087;10.0;1.3333333333333333;76.08695652173914;4.3478260869565215;;2.753;0.6970000000000001;0.5373225806451614;unweighted_microdata
2017;96;Чеченская Республика;terr_chechenskaya_respublika;Мужчины;59;31;3.7027027027027026;3.5714285714285716;0.06451612903225806;1.5932203389830508;9.67741935483871;1.6666666666666667;59.32203389830508;1.694915254237288;;2.753;0.9497027027027025;0.8184285714285715;unweighted_microdata
2017;97;Чувашская Республика;terr_chuvashskaya_respublika_chuvashiya;Все;150;146;2.560810810810811;2.054054054054054;0.4589041095890411;1.1933333333333334;34.24657534246575;1.36;79.33333333333333;3.3333333333333335;;1.662;0.898810810810811;0.392054054054054;unweighted_microdata
2017;97;Чувашская Республика;terr_chuvashskaya_respublika_chuvashiya;Женщины;62;61;2.3225806451612905;1.9180327868852458;0.36065573770491804;1.1451612903225807;31.147540983606557;1.1578947368421053;82.25806451612904;3.225806451612903;;1.662;0.6605806451612906;0.2560327868852459;unweighted_microdata
2017;97;Чувашская Республика;terr_chuvashskaya_respublika_chuvashiya;Мужчины;88;85;2.7325581395348837;2.1494252873563218;0.5294117647058824;1.2272727272727273;36.470588235294116;1.4838709677419355;77.27272727272727;3.4090909090909087;;1.662;1.0705581395348838;0.48742528735632185;unweighted_microdata
2017;98;Республика Саха (Якутия);terr_respublika_saha_yakutiya;Все;135;113;3.1031746031746033;2.6724137931034484;0.45132743362831856;1.8074074074074074;28.31858407079646;1.625;81.48148148148148;17.037037037037038;;1.88;1.2231746031746034;0.7924137931034485;unweighted_microdata
2017;98;Республика Саха (Якутия);terr_respublika_saha_yakutiya;Женщины;65;55;3.1147540983606556;2.719298245614035;0.4727272727272727;1.8461538461538463;30.909090909090907;1.5294117647058822;86.15384615384616;18.461538461538463;;1.88;1.2347540983606557;0.8392982456140352;unweighted_microdata
2017;98;Республика Саха (Якутия);terr_respublika_saha_yakutiya;Мужчины;70;58;3.0923076923076924;2.6271186440677967;0.43103448275862066;1.7714285714285714;25.862068965517242;1.7333333333333334;77.14285714285715;15.714285714285714;;1.88;1.2123076923076925;0.7471186440677968;unweighted_microdata
2017;99;Еврейская автономная область;terr_evreyskaya_avtonomnaya_oblast;Все;60;53;2.25;2.1481481481481484;0.09433962264150944;1.3166666666666667;11.320754716981133;1.1666666666666667;65.0;8.333333333333332;;1.781;0.4690000000000001;0.36714814814814845;unweighted_microdata
2017;99;Еврейская автономная область;terr_evreyskaya_avtonomnaya_oblast;Женщины;32;29;2.129032258064516;2.1379310344827585;0.0;1.375;3.4482758620689653;1.0;71.875;15.625;;1.781;0.3480322580645161;0.35693103448275854;unweighted_microdata
2017;99;Еврейская автономная область;terr_evreyskaya_avtonomnaya_oblast;Мужчины;28;24;2.4;2.16;0.20833333333333334;1.25;20.833333333333336;1.2;57.14285714285714;0.0;;1.781;0.619;0.3790000000000002;unweighted_microdata
2017;RU;Россия;terr_rf_bez_novyh_subektov;Все;15021;13360;2.1989251113782617;1.9253423648947137;0.2588323353293413;1.1976566140736302;21.100299401197606;1.3008158921603405;62.33939151854071;6.544171493242794;;1.601;0.5979251113782618;0.3243423648947137;unweighted_microdata
2017;RU;Россия;terr_rf_bez_novyh_subektov;Женщины;6947;6229;2.202988228191971;1.9368471035137702;0.25028094397174505;1.2026774147113861;21.73703644244662;1.2252584933530282;66.48913199942422;6.549589750971642;;1.601;0.6019882281919711;0.33584710351377023;unweighted_microdata
2017;RU;Россия;terr_rf_bez_novyh_subektov;Мужчины;8074;7131;2.1953426480372586;1.9153359030837005;0.26630206142196045;1.1933366361159277;20.544103211330807;1.3706484641638226;58.768887787961354;6.539509536784741;;1.601;0.5943426480372587;0.3143359030837005;unweighted_microdata
